month,customer, sales , no_of_products , sales_log , nop_log , month_no , sales_lag_1 , sales_lag_2 , sales_lag_3 , sales_lag_4 , sales_lag_5 , sales_lag_6 , sales_lag_7 , sales_lag_8 , sales_lag_rolling_mean_3 , sales_lag_rolling_mean_6 , sales_log_lag_1 , sales_log_lag_2 , sales_log_lag_3 , sales_log_lag_rolling_mean_3 , nop_lag_1 , nop_lag_2 , nop_lag_3 , nop_lag_4 , nop_lag_rolling_mean_3 , nop_log_lag_1 , nop_log_lag_2 , nop_log_lag_3 , nop_log_lag_rolling_mean_3 , customer_encoded , sales_momentum_1 , sales_momentum_2 , sales_momentum_3 , sales_lag_1_sales_lag_2_correlation , trend_ratio_1 , trend_ratio_2 , trend_ratio_3 , trend_ratio_1_sales_momentum_1_correlation , trend_ratio_2_sales_momentum_2_correlation , trend_ratio_3_sales_momentum_3_correlation , nop_momentum_1 , nop_momentum_2 , nop_momentum_3 , nop_ratio_1 , nop_ratio_2 , nop_ratio_3 , nop_ratio_1_nop_momentum_1_correlation , nop_ratio_2_nop_momentum_2_correlation , sales_log_prediction , sales_prediction ,Diff,DiffError
01/10/2024,WESTARBOR ANIMAL HOSPITAL A2 PLLC," 10,130.25 ", 15.00 , 9.22 , 2.71 , 10.00 ," 5,329.25 "," 11,711.25 "," 7,285.00 "," 7,633.25 "," 7,766.00 "," 8,303.25 "," 5,643.75 "," 4,430.75 "," 9,056.92 "," 8,309.17 ", 8.58 , 9.37 , 8.89 , 9.06 , 8.00 , 19.00 , 15.00 , 14.00 , 14.00 , 2.08 , 2.94 , 2.71 , 2.58 , 38.00 ,"-6,382.00 "," 4,426.25 ",-348.25 ," 62,412,179.06 ", 1.70 , 0.77 , 1.24 ,"-10,846.04 "," 3,423.05 ",-432.95 ,-11.00 , 4.00 , 1.00 , 1.75 , 0.74 , 0.93 ,-19.25 , 2.95 , 9.33 ," 11,270.52 ",-1140.269,-11.25607956
01/12/2024,WESTARBOR ANIMAL HOSPITAL A2 PLLC," 6,571.75 ", 9.00 , 8.79 , 2.20 , 12.00 ," 5,490.50 "," 10,130.25 "," 5,329.25 "," 11,711.25 "," 7,285.00 "," 7,633.25 "," 7,766.00 "," 8,303.25 "," 7,397.50 "," 7,753.00 ", 8.61 , 9.22 , 8.58 , 8.87 , 11.00 , 15.00 , 8.00 , 19.00 , 11.67 , 2.40 , 2.71 , 2.08 , 2.43 , 38.00 ,"-4,639.75 "," 4,801.00 ","-6,382.00 "," 55,620,137.63 ", 1.35 , 0.73 , 1.39 ,"-6,251.26 "," 3,505.88 ","-8,858.82 ",-4.00 , 7.00 ,-11.00 , 1.06 , 0.78 , 1.46 ,-4.24 , 5.44 , 8.90 ," 7,325.28 ",-753.532,-11.46623046
01/11/2024,WESTARBOR ANIMAL HOSPITAL A2 PLLC," 5,490.50 ", 11.00 , 8.61 , 2.40 , 11.00 ," 10,130.25 "," 5,329.25 "," 11,711.25 "," 7,285.00 "," 7,633.25 "," 7,766.00 "," 8,303.25 "," 5,643.75 "," 6,983.33 "," 7,929.92 ", 9.22 , 8.58 , 9.37 , 8.81 , 15.00 , 8.00 , 19.00 , 15.00 , 11.33 , 2.71 , 2.08 , 2.94 , 2.40 , 38.00 ," 4,801.00 ","-6,382.00 "," 4,426.25 "," 53,986,634.81 ", 0.69 , 1.31 , 0.60 ," 3,309.59 ","-8,362.83 "," 2,639.34 ", 7.00 ,-11.00 , 4.00 , 0.76 , 1.42 , 0.60 , 5.29 ,-15.58 , 8.75 ," 6,311.09 ",-820.5854,-14.94554959
01/09/2024,WESTARBOR ANIMAL HOSPITAL A2 PLLC," 5,329.25 ", 8.00 , 8.58 , 2.08 , 9.00 ," 11,711.25 "," 7,285.00 "," 7,633.25 "," 7,766.00 "," 8,303.25 "," 5,643.75 "," 4,430.75 "," 6,789.25 "," 8,108.50 "," 8,004.67 ", 9.37 , 8.89 , 8.94 , 8.95 , 19.00 , 15.00 , 14.00 , 14.00 , 14.00 , 2.94 , 2.71 , 2.64 , 2.58 , 38.00 ," 4,426.25 ",-348.25 ,-132.75 ," 85,316,456.25 ", 0.69 , 1.11 , 1.06 ," 3,064.60 ",-387.62 ,-141.02 , 4.00 , 1.00 , -   , 0.74 , 0.93 , 1.00 , 2.95 , 0.93 , 8.85 ," 6,993.36 ",-1664.1104,-31.22597739
01/11/2024,Wellness on Wheelz Amber Valinski DVM," 24,199.50 ", 7.00 , 10.09 , 1.95 , 11.00 ," 18,372.00 "," 18,489.50 "," 24,386.50 "," 39,969.50 "," 19,743.50 "," 39,185.25 "," 1,780.00 ", 206.00 ," 20,353.67 "," 24,193.42 ", 9.82 , 9.82 , 10.10 , 9.91 , 6.00 , 6.00 , 8.00 , 13.00 , 6.33 , 1.79 , 1.79 , 2.08 , 1.84 , 39.00 ,-117.50 ,"-5,897.00 ","-15,583.00 "," 339,689,094.00 ", 1.11 , 1.10 , 0.83 ,-130.17 ,"-6,491.55 ","-13,006.02 ", -   ,-2.00 ,-5.00 , 1.06 , 1.06 , 0.79 , -   ,-2.11 , 10.07 ," 23,603.02 ",596.482,2.46485258
01/12/2024,Wellness on Wheelz Amber Valinski DVM," 25,473.55 ", 13.00 , 10.15 , 2.56 , 12.00 ," 24,199.50 "," 18,372.00 "," 18,489.50 "," 24,386.50 "," 39,969.50 "," 19,743.50 "," 39,185.25 "," 1,780.00 "," 22,681.68 "," 25,148.43 ", 10.09 , 9.82 , 9.82 , 10.02 , 7.00 , 6.00 , 6.00 , 8.00 , 8.67 , 1.95 , 1.79 , 1.79 , 2.10 , 39.00 ," 5,827.50 ",-117.50 ,"-5,897.00 "," 444,593,214.00 ", 0.94 , 1.23 , 1.23 ," 5,461.99 ",-145.06 ,"-7,234.05 ", 1.00 , -   ,-2.00 , 1.24 , 1.44 , 1.44 , 1.24 , -   , 10.17 ," 26,156.03 ",-682.48,-2.67917114
01/10/2024,Wellness on Wheelz Amber Valinski DVM," 18,372.00 ", 6.00 , 9.82 , 1.79 , 10.00 ," 18,489.50 "," 24,386.50 "," 39,969.50 "," 19,743.50 "," 39,185.25 "," 1,780.00 ", 206.00 ," 44,066.00 "," 20,416.00 "," 26,691.04 ", 9.82 , 10.10 , 10.60 , 9.92 , 6.00 , 8.00 , 13.00 , 6.00 , 6.67 , 1.79 , 2.08 , 2.56 , 1.89 , 39.00 ,"-5,897.00 ","-15,583.00 "," 20,226.00 "," 450,894,191.75 ", 1.10 , 0.84 , 0.51 ,"-6,511.43 ","-13,045.85 "," 10,331.23 ",-2.00 ,-5.00 , 7.00 , 1.11 , 0.83 , 0.51 ,-2.22 ,-4.17 , 9.90 ," 19,934.16 ",-1562.164,-8.502961028
01/09/2024,Wellness on Wheelz Amber Valinski DVM," 18,489.50 ", 6.00 , 9.82 , 1.79 , 9.00 ," 24,386.50 "," 39,969.50 "," 19,743.50 "," 39,185.25 "," 1,780.00 ", 206.00 ," 44,066.00 "," 11,913.00 "," 27,615.17 "," 23,925.71 ", 10.10 , 10.60 , 9.89 , 10.17 , 8.00 , 13.00 , 6.00 , 11.00 , 9.00 , 2.08 , 2.56 , 1.79 , 2.15 , 39.00 ,"-15,583.00 "," 20,226.00 ","-19,441.75 "," 974,716,211.75 ", 1.13 , 0.69 , 1.40 ,"-17,646.12 "," 13,974.26 ","-27,193.11 ",-5.00 , 7.00 ,-5.00 , 1.13 , 0.69 , 1.50 ,-5.63 , 4.85 , 9.99 ," 21,804.13 ",-3314.633,-17.92710998
01/10/2024,VILLAGE VET HOSPITAL," 27,827.50 ", 23.00 , 10.23 , 3.14 , 10.00 ," 22,191.60 "," 23,258.35 "," 26,276.35 "," 25,219.25 "," 21,857.95 "," 18,963.75 "," 10,035.00 "," 24,778.25 "," 24,425.82 "," 24,438.50 ", 10.01 , 10.05 , 10.18 , 10.10 , 20.00 , 22.00 , 20.00 , 23.00 , 21.67 , 3.00 , 3.09 , 3.00 , 3.07 , 37.00 ,"-1,066.75 ","-3,018.00 "," 1,057.10 "," 516,139,999.86 ", 1.10 , 1.05 , 0.93 ,"-1,174.15 ","-3,169.49 ", 982.65 ,-2.00 , 2.00 ,-3.00 , 1.08 , 0.98 , 1.08 ,-2.17 , 1.97 , 10.21 ," 27,171.65 ",655.852,2.356848441
01/12/2024,VILLAGE VET HOSPITAL," 26,464.85 ", 22.00 , 10.18 , 3.09 , 12.00 ," 16,191.85 "," 27,827.50 "," 22,191.60 "," 23,258.35 "," 26,276.35 "," 25,219.25 "," 21,857.95 "," 18,963.75 "," 23,494.73 "," 23,701.75 ", 9.69 , 10.23 , 10.01 , 10.04 , 20.00 , 23.00 , 20.00 , 22.00 , 21.67 , 3.00 , 3.14 , 3.00 , 3.07 , 37.00 ,"-11,635.65 "," 5,635.90 ","-1,066.75 "," 450,578,705.88 ", 1.45 , 0.84 , 1.06 ,"-16,883.59 "," 4,758.39 ","-1,129.39 ",-3.00 , 3.00 ,-2.00 , 1.08 , 0.94 , 1.08 ,-3.25 , 2.83 , 10.23 ," 27,712.80 ",-1247.947,-4.715488658
01/09/2024,VILLAGE VET HOSPITAL," 22,191.60 ", 20.00 , 10.01 , 3.00 , 9.00 ," 23,258.35 "," 26,276.35 "," 25,219.25 "," 21,857.95 "," 18,963.75 "," 10,035.00 "," 24,778.25 "," 6,592.50 "," 23,908.77 "," 22,961.21 ", 10.05 , 10.18 , 10.14 , 10.08 , 22.00 , 20.00 , 23.00 , 17.00 , 20.67 , 3.09 , 3.00 , 3.14 , 3.03 , 37.00 ,"-3,018.00 "," 1,057.10 "," 3,361.30 "," 611,144,545.02 ", 1.03 , 0.91 , 0.95 ,"-3,102.40 ", 961.85 ," 3,186.63 ", 2.00 ,-3.00 , 6.00 , 0.94 , 1.03 , 0.90 , 1.88 ,-3.10 , 10.08 ," 23,862.60 ",-1670.998,-7.529867157
01/11/2024,VILLAGE VET HOSPITAL," 16,191.85 ", 20.00 , 9.69 , 3.00 , 11.00 ," 27,827.50 "," 22,191.60 "," 23,258.35 "," 26,276.35 "," 25,219.25 "," 21,857.95 "," 18,963.75 "," 10,035.00 "," 22,070.32 "," 23,494.15 ", 10.23 , 10.01 , 10.05 , 9.98 , 23.00 , 20.00 , 22.00 , 20.00 , 21.00 , 3.14 , 3.00 , 3.09 , 3.04 , 37.00 ," 5,635.90 ","-1,066.75 ","-3,018.00 "," 617,536,749.00 ", 0.79 , 0.99 , 0.95 ," 4,469.90 ","-1,060.92 ","-2,863.84 ", 3.00 ,-2.00 , 2.00 , 0.91 , 1.05 , 0.95 , 2.74 ,-2.10 , 10.00 ," 21,950.03 ",-5758.183,-35.56223038
01/10/2024,VETS PETS PA," 54,610.00 ", 121.00 , 10.88 , 4.80 , 10.00 ," 44,393.05 "," 60,497.50 "," 51,099.80 "," 45,413.55 "," 52,161.30 "," 53,180.75 "," 39,590.40 "," 41,382.75 "," 53,166.85 "," 51,362.53 ", 10.70 , 10.88 , 10.84 , 10.82 , 105.00 , 134.00 , 130.00 , 103.00 , 120.00 , 4.65 , 4.90 , 4.87 , 4.78 , 36.00 ,"-16,104.45 "," 9,397.70 "," 5,686.25 "," 2,685,668,542.38 ", 1.20 , 0.88 , 1.04 ,"-19,287.32 "," 8,258.95 "," 5,916.27 ",-29.00 , 4.00 , 27.00 , 1.14 , 0.90 , 0.92 ,-33.14 , 3.58 , 10.72 ," 45,457.50 ",9152.504,16.75975829
01/11/2024,VETS PETS PA," 44,739.05 ", 93.00 , 10.71 , 4.53 , 11.00 ," 54,610.00 "," 44,393.05 "," 60,497.50 "," 51,099.80 "," 45,413.55 "," 52,161.30 "," 53,180.75 "," 39,590.40 "," 47,914.03 "," 50,125.49 ", 10.88 , 10.70 , 10.88 , 10.76 , 121.00 , 105.00 , 134.00 , 130.00 , 106.33 , 4.80 , 4.65 , 4.90 , 4.66 , 36.00 ," 10,216.95 ","-16,104.45 "," 9,397.70 "," 2,424,304,460.50 ", 0.88 , 1.08 , 0.79 ," 8,964.21 ","-17,381.76 "," 7,442.98 ", 16.00 ,-29.00 , 4.00 , 0.88 , 1.01 , 0.79 , 14.06 ,-29.37 , 10.62 ," 40,965.84 ",3773.206,8.433808943
01/09/2024,VETS PETS PA," 44,393.05 ", 105.00 , 10.70 , 4.65 , 9.00 ," 60,497.50 "," 51,099.80 "," 45,413.55 "," 52,161.30 "," 53,180.75 "," 39,590.40 "," 41,382.75 "," 43,306.25 "," 51,996.78 "," 51,124.33 ", 10.88 , 10.84 , 10.72 , 10.81 , 134.00 , 130.00 , 103.00 , 116.00 , 123.00 , 4.90 , 4.87 , 4.63 , 4.81 , 36.00 ," 9,397.70 "," 5,686.25 ","-6,747.75 "," 3,091,410,150.50 ", 0.86 , 1.02 , 1.14 ," 8,077.20 "," 5,786.06 ","-7,725.92 ", 4.00 , 27.00 ,-13.00 , 0.92 , 0.95 , 1.19 , 3.67 , 25.55 , 10.63 ," 41,236.73 ",3156.32,7.109941759
01/12/2024,VETS PETS PA," 39,155.15 ", 99.00 , 10.58 , 4.60 , 12.00 ," 44,739.05 "," 54,610.00 "," 44,393.05 "," 60,497.50 "," 51,099.80 "," 45,413.55 "," 52,161.30 "," 53,180.75 "," 46,168.07 "," 49,082.43 ", 10.71 , 10.88 , 10.70 , 10.72 , 93.00 , 121.00 , 105.00 , 134.00 , 104.33 , 4.53 , 4.80 , 4.65 , 4.64 , 36.00 ,"-9,870.95 "," 10,216.95 ","-16,104.45 "," 2,443,199,520.50 ", 1.03 , 0.85 , 1.04 ,"-10,186.24 "," 8,637.55 ","-16,748.37 ",-28.00 , 16.00 ,-29.00 , 1.12 , 0.86 , 0.99 ,-31.41 , 13.80 , 10.70 ," 44,217.40 ",-5062.25,-12.9286952
01/09/2024,VALLEY VIEW VETERINARY CLINIC," 16,707.25 ", 17.00 , 9.72 , 2.83 , 9.00 ," 14,551.00 "," 12,815.00 "," 19,956.75 "," 14,887.00 "," 17,363.50 "," 11,592.25 "," 10,526.25 ", 458.50 ," 14,691.08 "," 16,046.75 ", 9.59 , 9.46 , 9.90 , 9.59 , 13.00 , 12.00 , 13.00 , 12.00 , 14.00 , 2.56 , 2.48 , 2.56 , 2.63 , 35.00 ," 1,736.00 ","-7,141.75 "," 5,069.75 "," 186,471,065.00 ", 1.01 , 1.15 , 0.74 ," 1,752.71 ","-8,187.28 "," 3,732.08 ", 1.00 ,-1.00 , 1.00 , 1.08 , 1.17 , 1.08 , 1.08 ,-1.17 , 9.70 ," 16,284.09 ",423.162,2.532804621
01/10/2024,VALLEY VIEW VETERINARY CLINIC," 13,295.00 ", 14.00 , 9.50 , 2.64 , 10.00 ," 16,707.25 "," 14,551.00 "," 12,815.00 "," 19,956.75 "," 14,887.00 "," 17,363.50 "," 11,592.25 "," 10,526.25 "," 14,851.08 "," 15,368.67 ", 9.72 , 9.59 , 9.46 , 9.60 , 17.00 , 13.00 , 12.00 , 13.00 , 14.67 , 2.83 , 2.56 , 2.48 , 2.68 , 35.00 ," 2,156.25 "," 1,736.00 ","-7,141.75 "," 243,107,194.75 ", 0.89 , 1.02 , 1.16 ," 1,916.69 "," 1,771.80 ","-8,276.45 ", 4.00 , 1.00 ,-1.00 , 0.86 , 1.13 , 1.22 , 3.45 , 1.13 , 9.48 ," 13,037.92 ",257.08,1.93365927
01/11/2024,VALLEY VIEW VETERINARY CLINIC," 11,724.00 ", 9.00 , 9.37 , 2.20 , 11.00 ," 13,295.00 "," 16,707.25 "," 14,551.00 "," 12,815.00 "," 19,956.75 "," 14,887.00 "," 17,363.50 "," 11,592.25 "," 13,908.75 "," 14,841.50 ", 9.50 , 9.72 , 9.59 , 9.53 , 14.00 , 17.00 , 13.00 , 12.00 , 13.33 , 2.64 , 2.83 , 2.56 , 2.56 , 35.00 ,"-3,412.25 "," 2,156.25 "," 1,736.00 "," 222,122,888.75 ", 1.05 , 0.83 , 0.96 ,"-3,569.77 "," 1,795.07 "," 1,659.38 ",-3.00 , 4.00 , 1.00 , 0.95 , 0.78 , 1.03 ,-2.86 , 3.14 , 9.36 ," 11,571.89 ",152.114,1.297458205
01/12/2024,VALLEY VIEW VETERINARY CLINIC," 7,920.75 ", 7.00 , 8.98 , 1.95 , 12.00 ," 11,724.00 "," 13,295.00 "," 16,707.25 "," 14,551.00 "," 12,815.00 "," 19,956.75 "," 14,887.00 "," 17,363.50 "," 10,979.92 "," 12,835.50 ", 9.37 , 9.50 , 9.72 , 9.28 , 9.00 , 14.00 , 17.00 , 13.00 , 10.00 , 2.20 , 2.64 , 2.83 , 2.26 , 35.00 ,"-1,571.00 ","-3,412.25 "," 2,156.25 "," 155,870,580.00 ", 0.94 , 0.83 , 0.66 ,"-1,471.29 ","-2,818.07 "," 1,417.08 ",-5.00 ,-3.00 , 4.00 , 1.11 , 0.71 , 0.59 ,-5.56 ,-2.14 , 9.23 ," 10,239.84 ",-2319.089,-29.27865417
01/12/2024,VACCINATION STATION INC," 11,876.25 ", 11.00 , 9.38 , 2.40 , 12.00 ," 4,199.00 "," 29,888.50 "," 25,139.25 "," 23,586.50 "," 32,333.50 "," 21,260.00 "," 35,821.25 "," 24,688.75 "," 15,321.25 "," 21,170.50 ", 8.34 , 10.31 , 10.13 , 9.34 , 2.00 , 18.00 , 15.00 , 16.00 , 10.33 , 0.69 , 2.89 , 2.71 , 1.99 , 34.00 ,"-25,689.50 "," 4,749.25 "," 1,552.75 "," 125,501,811.50 ", 3.65 , 0.51 , 0.61 ,"-93,735.47 "," 2,434.53 ", 946.33 ,-16.00 , 3.00 ,-1.00 , 5.17 , 0.57 , 0.69 ,-82.67 , 1.72 , 9.21 ," 9,949.38 ",1926.874,16.22459952
01/09/2024,VACCINATION STATION INC," 25,139.25 ", 15.00 , 10.13 , 2.71 , 9.00 ," 23,586.50 "," 32,333.50 "," 21,260.00 "," 35,821.25 "," 24,688.75 "," 22,543.25 "," 23,250.50 "," 6,641.00 "," 27,019.75 "," 27,138.21 ", 10.07 , 10.38 , 9.96 , 10.19 , 16.00 , 21.00 , 15.00 , 15.00 , 17.33 , 2.77 , 3.04 , 2.71 , 2.84 , 34.00 ,"-8,747.00 "," 11,073.50 ","-14,561.25 "," 762,634,097.75 ", 1.15 , 0.84 , 1.27 ,"-10,020.21 "," 9,253.66 ","-18,506.18 ",-5.00 , 6.00 , -   , 1.08 , 0.83 , 1.16 ,-5.42 , 4.95 , 10.05 ," 23,256.11 ",1883.14,7.490836043
01/10/2024,VACCINATION STATION INC," 29,888.50 ", 18.00 , 10.31 , 2.89 , 10.00 ," 25,139.25 "," 23,586.50 "," 32,333.50 "," 21,260.00 "," 35,821.25 "," 24,688.75 "," 22,543.25 "," 23,250.50 "," 26,204.75 "," 28,004.83 ", 10.13 , 10.07 , 10.38 , 10.17 , 15.00 , 16.00 , 21.00 , 15.00 , 16.33 , 2.71 , 2.77 , 3.04 , 2.79 , 34.00 ," 1,552.75 ","-8,747.00 "," 11,073.50 "," 592,946,920.13 ", 1.04 , 1.11 , 0.81 ," 1,618.56 ","-9,717.97 "," 8,974.54 ",-1.00 ,-5.00 , 6.00 , 1.09 , 1.02 , 0.78 ,-1.09 ,-5.10 , 10.24 ," 28,117.68 ",1770.816,5.924740285
01/11/2024,VACCINATION STATION INC," 4,199.00 ", 2.00 , 8.34 , 0.69 , 11.00 ," 29,888.50 "," 25,139.25 "," 23,586.50 "," 32,333.50 "," 21,260.00 "," 35,821.25 "," 24,688.75 "," 22,543.25 "," 19,742.25 "," 22,734.46 ", 10.31 , 10.13 , 10.07 , 9.59 , 18.00 , 15.00 , 16.00 , 21.00 , 11.67 , 2.89 , 2.71 , 2.77 , 2.10 , 34.00 ," 4,749.25 "," 1,552.75 ","-8,747.00 "," 751,374,473.63 ", 0.66 , 0.79 , 0.84 ," 3,137.02 "," 1,219.40 ","-7,321.37 ", 3.00 ,-1.00 ,-5.00 , 0.65 , 0.78 , 0.73 , 1.94 ,-0.78 , 9.12 ," 9,177.73 ",-4978.726,-118.569326
01/09/2024,URBAN ANIMAL CAPITOL HILL," 28,628.50 ", 17.00 , 10.26 , 2.83 , 9.00 ," 1,933.00 "," 57,026.00 "," 26,048.00 "," 14,951.50 "," 15,891.00 "," 19,228.50 "," 18,091.75 "," 5,043.25 "," 29,195.83 "," 24,079.67 ", 7.57 , 10.88 , 10.17 , 9.57 , 6.00 , 38.00 , 20.00 , 17.00 , 20.33 , 1.79 , 3.64 , 3.00 , 2.75 , 33.00 ,"-55,093.00 "," 30,978.00 "," 11,096.50 "," 110,231,258.00 ", 15.10 , 0.51 , 1.12 ,"-832,119.01 "," 15,859.93 "," 12,437.48 ",-32.00 , 18.00 , 3.00 , 3.39 , 0.54 , 1.02 ,-108.44 , 9.63 , 9.76 ," 17,332.25 ",11296.246,39.45804356
01/11/2024,URBAN ANIMAL CAPITOL HILL," 33,288.00 ", 26.00 , 10.41 , 3.26 , 11.00 ," 16,801.25 "," 28,628.50 "," 1,933.00 "," 57,026.00 "," 26,048.00 "," 14,951.50 "," 15,891.00 "," 19,228.50 "," 26,239.25 "," 27,287.46 ", 9.73 , 10.26 , 7.57 , 10.13 , 23.00 , 17.00 , 6.00 , 38.00 , 22.00 , 3.14 , 2.83 , 1.79 , 3.08 , 33.00 ,"-11,827.25 "," 26,695.50 ","-55,093.00 "," 480,994,585.63 ", 1.56 , 0.92 , 13.57 ,"-18,471.14 "," 24,467.57 ","-747,852.56 ", 6.00 , 11.00 ,-32.00 , 0.96 , 1.29 , 3.67 , 5.74 , 14.24 , 10.24 ," 27,991.32 ",5296.68,15.91167988
01/10/2024,URBAN ANIMAL CAPITOL HILL," 16,801.25 ", 23.00 , 9.73 , 3.14 , 10.00 ," 28,628.50 "," 1,933.00 "," 57,026.00 "," 26,048.00 "," 14,951.50 "," 15,891.00 "," 19,228.50 "," 18,091.75 "," 15,787.58 "," 24,231.38 ", 10.26 , 7.57 , 10.88 , 9.19 , 17.00 , 6.00 , 38.00 , 20.00 , 15.33 , 2.83 , 1.79 , 3.64 , 2.59 , 33.00 ," 26,695.50 ","-55,093.00 "," 30,978.00 "," 55,338,890.50 ", 0.55 , 8.17 , 0.28 ," 14,721.60 ","-449,966.54 "," 8,576.22 ", 11.00 ,-32.00 , 18.00 , 0.90 , 2.56 , 0.40 , 9.92 ,-81.78 , 9.73 ," 16,830.68 ",-29.434,-0.175189346
01/12/2024,URBAN ANIMAL CAPITOL HILL," 7,828.75 ", 9.00 , 8.97 , 2.20 , 12.00 ," 33,288.00 "," 16,801.25 "," 28,628.50 "," 1,933.00 "," 57,026.00 "," 26,048.00 "," 14,951.50 "," 15,891.00 "," 19,306.00 "," 24,250.92 ", 10.41 , 9.73 , 10.26 , 9.70 , 26.00 , 23.00 , 17.00 , 6.00 , 19.33 , 3.26 , 3.14 , 2.83 , 2.86 , 33.00 ," 16,486.75 ","-11,827.25 "," 26,695.50 "," 559,280,010.00 ", 0.58 , 1.15 , 0.67 ," 9,561.80 ","-13,590.47 "," 18,002.46 ", 3.00 , 6.00 , 11.00 , 0.74 , 0.84 , 1.14 , 2.23 , 5.04 , 9.35 ," 11,495.67 ",-3666.92,-46.83915057
01/10/2024,TAG Veterinary Holdings Inc," 40,689.50 ", 92.00 , 10.61 , 4.52 , 10.00 ," 32,718.50 "," 33,773.50 "," 36,094.50 "," 32,268.25 "," 28,472.25 "," 38,122.50 "," 31,753.50 "," 30,342.25 "," 35,727.17 "," 34,002.75 ", 10.40 , 10.43 , 10.49 , 10.48 , 78.00 , 74.00 , 96.00 , 69.00 , 81.33 , 4.36 , 4.30 , 4.56 , 4.39 , 32.00 ,"-1,055.00 ","-2,321.00 "," 3,826.25 "," 1,105,018,259.75 ", 1.09 , 1.06 , 0.99 ,"-1,152.01 ","-2,455.26 "," 3,787.31 ", 4.00 ,-22.00 , 27.00 , 1.04 , 1.10 , 0.85 , 4.17 ,-24.18 , 10.58 ," 39,467.73 ",1221.77,3.002666536
01/11/2024,TAG Veterinary Holdings Inc," 33,911.25 ", 80.00 , 10.43 , 4.38 , 11.00 ," 40,689.50 "," 32,718.50 "," 33,773.50 "," 36,094.50 "," 32,268.25 "," 28,472.25 "," 38,122.50 "," 31,753.50 "," 35,773.08 "," 34,909.25 ", 10.61 , 10.40 , 10.43 , 10.48 , 92.00 , 78.00 , 74.00 , 96.00 , 83.33 , 4.52 , 4.36 , 4.30 , 4.42 , 32.00 ," 7,971.00 ","-1,055.00 ","-2,321.00 "," 1,331,299,405.75 ", 0.88 , 1.09 , 1.06 ," 7,007.88 ","-1,153.49 ","-2,458.42 ", 14.00 , 4.00 ,-22.00 , 0.91 , 1.07 , 1.13 , 12.68 , 4.27 , 10.41 ," 33,024.83 ",886.418,2.613934904
01/09/2024,TAG Veterinary Holdings Inc," 32,718.50 ", 78.00 , 10.40 , 4.36 , 9.00 ," 33,773.50 "," 36,094.50 "," 32,268.25 "," 28,472.25 "," 38,122.50 "," 31,753.50 "," 30,342.25 "," 26,323.25 "," 34,195.50 "," 33,574.92 ", 10.43 , 10.49 , 10.38 , 10.44 , 74.00 , 96.00 , 69.00 , 63.00 , 82.67 , 4.30 , 4.56 , 4.23 , 4.41 , 32.00 ,"-2,321.00 "," 3,826.25 "," 3,796.00 "," 1,219,037,595.75 ", 1.01 , 0.95 , 1.06 ,"-2,350.00 "," 3,624.94 "," 4,022.72 ",-22.00 , 27.00 , 6.00 , 1.12 , 0.86 , 1.20 ,-24.58 , 23.25 , 10.53 ," 37,359.67 ",-4641.168,-14.18514907
01/12/2024,TAG Veterinary Holdings Inc," 29,775.25 ", 75.00 , 10.30 , 4.32 , 12.00 ," 33,911.25 "," 40,689.50 "," 32,718.50 "," 33,773.50 "," 36,094.50 "," 32,268.25 "," 28,472.25 "," 38,122.50 "," 34,792.00 "," 34,493.75 ", 10.43 , 10.61 , 10.40 , 10.45 , 80.00 , 92.00 , 78.00 , 74.00 , 82.33 , 4.38 , 4.52 , 4.36 , 4.41 , 32.00 ,"-6,778.25 "," 7,971.00 ","-1,055.00 "," 1,379,831,806.88 ", 1.03 , 0.86 , 1.06 ,"-6,954.30 "," 6,815.69 ","-1,121.86 ",-12.00 , 14.00 , 4.00 , 1.03 , 0.89 , 1.06 ,-12.35 , 12.53 , 10.50 ," 36,360.31 ",-6585.06,-22.11588484
01/09/2024,SHOT VET," 536,625.55 ", 137.00 , 10.88 , 4.92 , 9.00 ," 90,862.75 "," 270,237.25 "," 367,166.80 "," 138,786.50 "," 206,589.70 "," 166,867.80 "," 146,836.00 "," 72,328.25 "," 299,241.85 "," 268,378.09 ", 10.88 , 10.88 , 10.88 , 10.88 , 99.00 , 17.00 , 145.00 , 129.00 , 84.33 , 4.60 , 2.83 , 4.98 , 4.12 , 31.00 ,"-179,374.50 ","-96,929.55 "," 228,380.30 "," 24,554,499,687.44 ", 3.29 , 1.11 , 0.82 ,"-590,741.06 ","-107,333.01 "," 186,130.51 ", 82.00 ,-128.00 , 16.00 , 0.85 , 4.96 , 0.58 , 69.85 ,-634.98 , 10.93 ," 55,956.78 ",480668.77,89.5724719
01/10/2024,SHOT VET," 50,193.15 ", 85.00 , 10.82 , 4.44 , 10.00 ," 536,625.55 "," 90,862.75 "," 270,237.25 "," 367,166.80 "," 138,786.50 "," 206,589.70 "," 166,867.80 "," 146,836.00 "," 225,893.82 "," 242,312.00 ", 10.88 , 10.88 , 10.88 , 10.86 , 137.00 , 99.00 , 17.00 , 145.00 , 107.00 , 4.92 , 4.60 , 2.83 , 4.65 , 31.00 ," 445,762.80 ","-179,374.50 ","-96,929.55 "," 48,759,273,193.26 ", 0.42 , 2.49 , 0.84 ," 187,644.92 ","-445,942.81 ","-81,024.31 ", 38.00 , 82.00 ,-128.00 , 0.78 , 1.08 , 6.29 , 29.68 , 88.63 , 9.71 ," 16,435.83 ",33757.318,67.25483059
01/12/2024,SHOT VET," 47,408.45 ", 82.00 , 10.77 , 4.41 , 12.00 ," 38,724.80 "," 50,193.15 "," 536,625.55 "," 90,862.75 "," 270,237.25 "," 367,166.80 "," 138,786.50 "," 206,589.70 "," 45,442.13 "," 172,341.99 ", 10.56 , 10.82 , 10.88 , 10.72 , 64.00 , 85.00 , 137.00 , 99.00 , 77.00 , 4.16 , 4.44 , 4.92 , 4.34 , 31.00 ,"-11,468.35 ","-486,432.40 "," 445,762.80 "," 1,943,719,695.12 ", 1.17 , 0.91 , 0.08 ,"-13,457.69 ","-440,389.30 "," 37,747.76 ",-21.00 ,-52.00 , 38.00 , 1.20 , 0.91 , 0.56 ,-25.27 ,-47.11 , 10.74 ," 46,297.12 ",1111.33,2.344160166
01/11/2024,SHOT VET," 38,724.80 ", 64.00 , 10.56 , 4.16 , 11.00 ," 50,193.15 "," 536,625.55 "," 90,862.75 "," 270,237.25 "," 367,166.80 "," 138,786.50 "," 206,589.70 "," 166,867.80 "," 208,514.50 "," 225,635.05 ", 10.82 , 10.88 , 10.88 , 10.76 , 85.00 , 137.00 , 99.00 , 17.00 , 95.33 , 4.44 , 4.92 , 4.60 , 4.51 , 31.00 ,"-486,432.40 "," 445,762.80 ","-179,374.50 "," 26,934,926,724.98 ", 4.15 , 0.39 , 2.29 ,"-2,020,757.99 "," 173,208.32 ","-411,633.86 ",-52.00 , 38.00 , 82.00 , 1.12 , 0.70 , 0.96 ,-58.32 , 26.44 , 10.74 ," 46,204.45 ",-7479.65,-19.31488349
01/12/2024,PETVET/PETFOOD," 13,462.25 ", 15.00 , 9.51 , 2.71 , 12.00 ," 7,363.25 "," 25,764.25 "," 13,325.00 "," 16,693.75 "," 20,265.00 "," 14,612.75 "," 14,790.75 "," 6,649.00 "," 15,529.92 "," 16,145.58 ", 8.90 , 10.16 , 9.50 , 9.52 , 9.00 , 19.00 , 15.00 , 13.00 , 14.33 , 2.20 , 2.94 , 2.71 , 2.62 , 30.00 ,"-18,401.00 "," 12,439.25 ","-3,368.75 "," 189,708,613.81 ", 2.11 , 0.60 , 1.17 ,"-38,809.76 "," 7,498.01 ","-3,926.18 ",-10.00 , 4.00 , 2.00 , 1.59 , 0.75 , 0.96 ,-15.93 , 3.02 , 9.21 ," 9,957.29 ",3504.958,26.0354547
01/10/2024,PETVET/PETFOOD," 25,764.25 ", 19.00 , 10.16 , 2.94 , 10.00 ," 13,325.00 "," 16,693.75 "," 20,265.00 "," 14,612.75 "," 14,790.75 "," 6,649.00 "," 15,848.75 "," 3,174.75 "," 18,594.33 "," 17,575.25 ", 9.50 , 9.72 , 9.92 , 9.79 , 15.00 , 13.00 , 17.00 , 11.00 , 15.67 , 2.71 , 2.56 , 2.83 , 2.74 , 30.00 ,"-3,368.75 ","-3,571.25 "," 5,652.25 "," 222,444,218.75 ", 1.40 , 1.11 , 0.92 ,"-4,700.91 ","-3,977.84 "," 5,186.27 ", 2.00 ,-4.00 , 6.00 , 1.04 , 1.21 , 0.92 , 2.09 ,-4.82 , 10.00 ," 22,088.82 ",3675.434,14.26563552
01/11/2024,PETVET/PETFOOD," 7,363.25 ", 9.00 , 8.90 , 2.20 , 11.00 ," 25,764.25 "," 13,325.00 "," 16,693.75 "," 20,265.00 "," 14,612.75 "," 14,790.75 "," 6,649.00 "," 15,848.75 "," 15,484.17 "," 16,337.33 ", 10.16 , 9.50 , 9.72 , 9.52 , 19.00 , 15.00 , 13.00 , 17.00 , 14.33 , 2.94 , 2.71 , 2.56 , 2.62 , 30.00 ," 12,439.25 ","-3,368.75 ","-3,571.25 "," 343,308,631.25 ", 0.60 , 1.16 , 0.93 ," 7,475.92 ","-3,914.62 ","-3,312.49 ", 4.00 , 2.00 ,-4.00 , 0.75 , 0.96 , 1.10 , 3.02 , 1.91 , 8.87 ," 7,131.35 ",231.9033,3.149469324
01/09/2024,PETVET/PETFOOD," 13,325.00 ", 15.00 , 9.50 , 2.71 , 9.00 ," 16,693.75 "," 20,265.00 "," 14,612.75 "," 14,790.75 "," 6,649.00 "," 15,848.75 "," 3,174.75 ", 252.75 ," 16,761.25 "," 14,389.38 ", 9.72 , 9.92 , 9.59 , 9.71 , 13.00 , 17.00 , 11.00 , 15.00 , 15.00 , 2.56 , 2.83 , 2.40 , 2.70 , 30.00 ,"-3,571.25 "," 5,652.25 ",-178.00 ," 338,298,843.75 ", 1.00 , 0.83 , 1.15 ,"-3,585.69 "," 4,675.00 ",-204.17 ,-4.00 , 6.00 ,-4.00 , 1.15 , 0.88 , 1.36 ,-4.62 , 5.29 , 9.53 ," 13,730.02 ",-405.0205,-3.039553471
01/12/2024,PET MED MOBILE," 14,219.10 ", 10.00 , 9.56 , 2.30 , 12.00 ," 7,511.70 "," 4,781.70 "," 7,068.85 "," 7,882.45 "," 12,804.75 "," 8,468.40 "," 4,015.50 "," 8,267.50 "," 8,837.50 "," 9,044.76 ", 8.92 , 8.47 , 8.86 , 8.99 , 11.00 , 5.00 , 10.00 , 11.00 , 8.67 , 2.40 , 1.61 , 2.30 , 2.10 , 29.00 ," 2,730.00 ","-2,287.15 ",-813.60 ," 35,918,695.89 ", 1.18 , 1.85 , 1.25 ," 3,211.84 ","-4,227.09 ","-1,017.17 ", 6.00 ,-5.00 ,-1.00 , 0.79 , 1.73 , 0.87 , 4.73 ,-8.67 , 9.32 ," 11,165.64 ",3053.457,21.47433382
01/09/2024,PET MED MOBILE," 7,068.85 ", 10.00 , 8.86 , 2.30 , 9.00 ," 7,882.45 "," 12,804.75 "," 8,468.40 "," 4,015.50 "," 8,267.50 "," 10,525.40 "," 5,739.00 "," 5,688.25 "," 9,252.02 "," 8,084.58 ", 8.97 , 9.46 , 9.04 , 9.10 , 11.00 , 13.00 , 5.00 , 5.00 , 11.33 , 2.40 , 2.56 , 1.61 , 2.42 , 29.00 ,"-4,922.30 "," 4,336.35 "," 4,452.90 "," 100,932,801.64 ", 1.17 , 0.72 , 1.09 ,"-5,777.54 "," 3,133.21 "," 4,864.95 ",-2.00 , 8.00 , -   , 1.03 , 0.87 , 2.27 ,-2.06 , 6.97 , 8.87 ," 7,081.02 ",-12.1705,-0.172170862
01/11/2024,PET MED MOBILE," 7,511.70 ", 11.00 , 8.92 , 2.40 , 11.00 ," 4,781.70 "," 7,068.85 "," 7,882.45 "," 12,804.75 "," 8,468.40 "," 4,015.50 "," 8,267.50 "," 10,525.40 "," 6,454.08 "," 8,086.31 ", 8.47 , 8.86 , 8.97 , 8.75 , 5.00 , 10.00 , 11.00 , 13.00 , 8.67 , 1.61 , 2.30 , 2.40 , 2.10 , 29.00 ,"-2,287.15 ",-813.60 ,"-4,922.30 "," 33,801,120.05 ", 1.35 , 0.91 , 0.82 ,"-3,087.07 ",-742.84 ,"-4,030.34 ",-5.00 ,-1.00 ,-2.00 , 1.73 , 0.87 , 0.79 ,-8.67 ,-0.87 , 8.96 ," 7,772.15 ",-260.445,-3.467191182
01/10/2024,PET MED MOBILE," 4,781.70 ", 5.00 , 8.47 , 1.61 , 10.00 ," 7,068.85 "," 7,882.45 "," 12,804.75 "," 8,468.40 "," 4,015.50 "," 8,267.50 "," 10,525.40 "," 5,739.00 "," 6,577.67 "," 7,503.61 ", 8.86 , 8.97 , 9.46 , 8.77 , 10.00 , 11.00 , 13.00 , 5.00 , 8.67 , 2.30 , 2.40 , 2.56 , 2.10 , 29.00 ,-813.60 ,"-4,922.30 "," 4,336.35 "," 55,719,856.68 ", 0.93 , 0.83 , 0.51 ,-757.07 ,"-4,107.51 "," 2,227.54 ",-1.00 ,-2.00 , 8.00 , 0.87 , 0.79 , 0.67 ,-0.87 ,-1.58 , 8.68 ," 5,873.98 ",-1092.2844,-22.84301399
01/12/2024,PAMLICO ANIMAL HOSPITAL," 39,946.25 ", 16.00 , 10.60 , 2.77 , 12.00 ," 14,575.75 "," 36,124.25 "," 26,929.50 "," 19,509.00 "," 22,493.50 "," 49,035.50 "," 21,252.25 "," 23,438.50 "," 30,215.42 "," 26,596.38 ", 9.59 , 10.49 , 10.20 , 10.23 , 10.00 , 22.00 , 19.00 , 14.00 , 16.00 , 2.30 , 3.09 , 2.94 , 2.72 , 28.00 ,"-21,548.50 "," 9,194.75 "," 7,420.50 "," 526,538,036.94 ", 2.07 , 0.84 , 1.12 ,"-44,669.87 "," 7,690.77 "," 8,325.94 ",-12.00 , 3.00 , 5.00 , 1.60 , 0.73 , 0.84 ,-19.20 , 2.18 , 10.30 ," 29,589.49 ",10356.758,25.92673405
01/10/2024,PAMLICO ANIMAL HOSPITAL," 36,124.25 ", 22.00 , 10.49 , 3.09 , 10.00 ," 26,929.50 "," 19,509.00 "," 22,493.50 "," 49,035.50 "," 21,252.25 "," 23,438.50 "," 7,965.00 "," 4,152.00 "," 27,520.92 "," 29,224.00 ", 10.20 , 9.88 , 10.02 , 10.19 , 19.00 , 14.00 , 21.00 , 22.00 , 18.33 , 2.94 , 2.64 , 3.04 , 2.89 , 28.00 ," 7,420.50 ","-2,984.50 ","-26,542.00 "," 525,367,615.50 ", 1.02 , 1.41 , 1.22 ," 7,583.47 ","-4,210.17 ","-32,474.28 ", 5.00 ,-7.00 ,-1.00 , 0.96 , 1.31 , 0.87 , 4.82 ,-9.17 , 10.32 ," 30,431.13 ",5693.125,15.75984276
01/09/2024,PAMLICO ANIMAL HOSPITAL," 26,929.50 ", 19.00 , 10.20 , 2.94 , 9.00 ," 19,509.00 "," 22,493.50 "," 49,035.50 "," 21,252.25 "," 23,438.50 "," 7,965.00 "," 4,152.00 ", 485.25 ," 22,977.33 "," 27,109.71 ", 9.88 , 10.02 , 10.80 , 10.03 , 14.00 , 21.00 , 22.00 , 13.00 , 18.00 , 2.64 , 3.04 , 3.09 , 2.88 , 28.00 ,"-2,984.50 ","-26,542.00 "," 27,783.25 "," 438,825,691.50 ", 1.18 , 1.02 , 0.47 ,"-3,515.09 ","-27,112.92 "," 13,018.83 ",-7.00 ,-1.00 , 9.00 , 1.29 , 0.86 , 0.82 ,-9.00 ,-0.86 , 10.10 ," 24,382.75 ",2546.752,9.457108376
01/11/2024,PAMLICO ANIMAL HOSPITAL," 14,575.75 ", 10.00 , 9.59 , 2.30 , 11.00 ," 36,124.25 "," 26,929.50 "," 19,509.00 "," 22,493.50 "," 49,035.50 "," 21,252.25 "," 23,438.50 "," 7,965.00 "," 25,876.50 "," 28,111.25 ", 10.49 , 10.20 , 9.88 , 10.09 , 22.00 , 19.00 , 14.00 , 21.00 , 17.00 , 3.09 , 2.94 , 2.64 , 2.78 , 28.00 ," 9,194.75 "," 7,420.50 ","-2,984.50 "," 972,807,990.38 ", 0.72 , 0.96 , 1.33 ," 6,586.38 "," 7,130.34 ","-3,958.60 ", 3.00 , 5.00 ,-7.00 , 0.77 , 0.89 , 1.21 , 2.32 , 4.47 , 9.79 ," 17,942.66 ",-3366.906,-23.0993671
01/12/2024,OXFORD VETERINARY HOSPITAL," 3,313.74 ", 4.00 , 8.11 , 1.39 , 12.00 ," 2,519.43 "," 5,090.40 "," 1,986.08 "," 3,747.68 "," 4,433.25 "," 5,529.50 "," 5,401.00 "," 5,286.25 "," 3,641.19 "," 3,515.10 ", 7.83 , 8.54 , 7.59 , 8.16 , 3.00 , 7.00 , 2.00 , 5.00 , 4.67 , 1.10 , 1.95 , 0.69 , 1.48 , 27.00 ,"-2,570.97 "," 3,104.32 ","-1,761.60 "," 12,824,906.47 ", 1.45 , 0.72 , 1.83 ,"-3,715.68 "," 2,220.54 ","-3,229.64 ",-4.00 , 5.00 ,-3.00 , 1.56 , 0.67 , 2.33 ,-6.22 , 3.33 , 8.06 ," 3,164.94 ",148.8018,4.490448858
01/10/2024,OXFORD VETERINARY HOSPITAL," 5,090.40 ", 7.00 , 8.54 , 1.95 , 10.00 ," 1,986.08 "," 3,747.68 "," 4,433.25 "," 5,529.50 "," 5,401.00 "," 5,286.25 "," 3,333.00 "," 2,357.25 "," 3,608.05 "," 4,364.65 ", 7.59 , 8.23 , 8.40 , 8.12 , 2.00 , 5.00 , 6.00 , 8.00 , 4.67 , 0.69 , 1.61 , 1.79 , 1.42 , 27.00 ,"-1,761.60 ",-685.57 ,"-1,096.25 "," 7,443,192.29 ", 1.82 , 0.96 , 0.81 ,"-3,200.25 ",-660.03 ,-892.20 ,-3.00 ,-1.00 ,-2.00 , 2.33 , 0.93 , 0.78 ,-7.00 ,-0.93 , 8.58 ," 5,317.05 ",-226.6474,-4.452447745
01/11/2024,OXFORD VETERINARY HOSPITAL," 2,519.43 ", 3.00 , 7.83 , 1.10 , 11.00 ," 5,090.40 "," 1,986.08 "," 3,747.68 "," 4,433.25 "," 5,529.50 "," 5,401.00 "," 5,286.25 "," 3,333.00 "," 3,198.64 "," 3,884.39 ", 8.54 , 7.59 , 8.23 , 7.99 , 7.00 , 2.00 , 5.00 , 6.00 , 4.00 , 1.95 , 0.69 , 1.61 , 1.25 , 27.00 ," 3,104.32 ","-1,761.60 ",-685.57 ," 10,109,941.63 ", 0.63 , 1.61 , 0.85 ," 1,950.65 ","-2,837.11 ",-585.13 , 5.00 ,-3.00 ,-1.00 , 0.57 , 2.00 , 0.80 , 2.86 ,-6.00 , 8.00 ," 2,986.58 ",-467.1533,-18.54202339
01/09/2024,OXFORD VETERINARY HOSPITAL," 1,986.08 ", 2.00 , 7.59 , 0.69 , 9.00 ," 3,747.68 "," 4,433.25 "," 5,529.50 "," 5,401.00 "," 5,286.25 "," 3,333.00 "," 2,357.25 "," 1,400.00 "," 3,389.00 "," 4,397.29 ", 8.23 , 8.40 , 8.62 , 8.07 , 5.00 , 6.00 , 8.00 , 6.00 , 4.33 , 1.61 , 1.79 , 2.08 , 1.36 , 27.00 ,-685.57 ,"-1,096.25 ", 128.50 ," 16,614,402.36 ", 0.90 , 0.76 , 0.61 ,-619.96 ,-838.03 , 78.76 ,-1.00 ,-2.00 , 2.00 , 0.87 , 0.72 , 0.54 ,-0.87 ,-1.44 , 7.84 ," 2,541.44 ",-555.356,-27.96241843
01/09/2024,MORTON SMALL ANIMAL CLINIC," 27,425.00 ", 33.00 , 10.22 , 3.50 , 9.00 ," 79,112.00 "," 56,463.50 "," 62,108.75 "," 50,091.50 "," 40,126.50 "," 38,998.25 "," 57,331.00 "," 32,134.50 "," 54,333.50 "," 52,554.54 ", 10.88 , 10.88 , 10.88 , 10.66 , 55.00 , 82.00 , 72.00 , 56.00 , 56.67 , 4.01 , 4.41 , 4.28 , 3.97 , 26.00 ," 22,648.50 ","-5,645.25 "," 12,017.25 "," 4,466,940,412.00 ", 0.69 , 0.96 , 0.87 ," 15,554.81 ","-5,432.29 "," 10,512.84 ",-27.00 , 10.00 , 16.00 , 1.03 , 0.69 , 0.79 ,-27.82 , 6.91 , 10.14 ," 25,320.92 ",2104.082,7.672131267
01/11/2024,MORTON SMALL ANIMAL CLINIC," 47,476.25 ", 69.00 , 10.77 , 4.23 , 11.00 ," 34,015.00 "," 27,425.00 "," 79,112.00 "," 56,463.50 "," 62,108.75 "," 50,091.50 "," 40,126.50 "," 38,998.25 "," 36,305.42 "," 51,100.08 ", 10.43 , 10.22 , 10.88 , 10.47 , 47.00 , 33.00 , 55.00 , 82.00 , 49.67 , 3.85 , 3.50 , 4.01 , 3.86 , 26.00 ," 6,590.00 ","-51,687.00 "," 22,648.50 "," 932,861,375.00 ", 1.07 , 1.32 , 0.46 ," 7,033.74 ","-68,423.63 "," 10,393.66 ", 14.00 ,-22.00 ,-27.00 , 1.06 , 1.51 , 0.90 , 14.79 ,-33.11 , 10.76 ," 46,908.57 ",567.684,1.195722072
01/12/2024,MORTON SMALL ANIMAL CLINIC," 47,185.75 ", 55.00 , 10.76 , 4.01 , 12.00 ," 47,476.25 "," 34,015.00 "," 27,425.00 "," 79,112.00 "," 56,463.50 "," 62,108.75 "," 50,091.50 "," 40,126.50 "," 42,892.33 "," 48,612.92 ", 10.77 , 10.43 , 10.22 , 10.65 , 69.00 , 47.00 , 33.00 , 55.00 , 57.00 , 4.23 , 3.85 , 3.50 , 4.03 , 26.00 ," 13,461.25 "," 6,590.00 ","-51,687.00 "," 1,614,904,643.75 ", 0.90 , 1.26 , 1.56 ," 12,161.54 "," 8,309.88 ","-80,837.78 ", 22.00 , 14.00 ,-22.00 , 0.83 , 1.21 , 1.73 , 18.17 , 16.98 , 10.77 ," 47,470.93 ",-285.18,-0.604377381
01/10/2024,MORTON SMALL ANIMAL CLINIC," 34,015.00 ", 47.00 , 10.43 , 3.85 , 10.00 ," 27,425.00 "," 79,112.00 "," 56,463.50 "," 62,108.75 "," 50,091.50 "," 40,126.50 "," 38,998.25 "," 57,331.00 "," 46,850.67 "," 51,535.96 ", 10.22 , 10.88 , 10.88 , 10.51 , 33.00 , 55.00 , 82.00 , 72.00 , 45.00 , 3.50 , 4.01 , 4.41 , 3.78 , 26.00 ,"-51,687.00 "," 22,648.50 ","-5,645.25 "," 2,169,646,600.00 ", 1.71 , 0.59 , 0.83 ,"-88,297.92 "," 13,412.60 ","-4,684.15 ",-22.00 ,-27.00 , 10.00 , 1.36 , 0.82 , 0.55 ,-30.00 ,-22.09 , 10.67 ," 42,963.29 ",-8948.29,-26.30689402
01/11/2024,MOBILE VET CLINIC," 35,383.50 ", 17.00 , 10.47 , 2.83 , 11.00 ," 19,471.50 "," 36,397.25 "," 22,100.50 "," 51,364.00 "," 34,982.00 "," 27,795.75 "," 26,498.00 "," 10,875.25 "," 30,417.42 "," 33,283.13 ", 9.88 , 10.50 , 10.00 , 10.28 , 7.00 , 12.00 , 11.00 , 19.00 , 12.00 , 1.95 , 2.48 , 2.40 , 2.42 , 25.00 ,"-16,925.75 "," 14,296.75 ","-29,263.50 "," 708,709,053.38 ", 1.56 , 0.84 , 1.38 ,"-26,440.57 "," 11,947.89 ","-40,276.02 ",-5.00 , 1.00 ,-8.00 , 1.71 , 1.00 , 1.09 ,-8.57 , 1.00 , 10.42 ," 33,373.45 ",2010.05,5.680755154
01/09/2024,MOBILE VET CLINIC," 36,397.25 ", 12.00 , 10.50 , 2.48 , 9.00 ," 22,100.50 "," 51,364.00 "," 34,982.00 "," 27,795.75 "," 26,498.00 "," 10,875.25 "," 26,199.00 "," 5,583.00 "," 36,620.58 "," 33,189.58 ", 10.00 , 10.85 , 10.46 , 10.45 , 11.00 , 19.00 , 11.00 , 7.00 , 14.00 , 2.40 , 2.94 , 2.40 , 2.61 , 25.00 ,"-29,263.50 "," 16,382.00 "," 7,186.25 "," 1,135,170,082.00 ", 1.66 , 0.71 , 1.05 ,"-48,489.69 "," 11,679.74 "," 7,522.86 ",-8.00 , 8.00 , 4.00 , 1.27 , 0.74 , 1.27 ,-10.18 , 5.89 , 10.59 ," 39,860.82 ",-3463.57,-9.516021128
01/12/2024,MOBILE VET CLINIC," 20,995.25 ", 11.00 , 9.95 , 2.40 , 12.00 ," 35,383.50 "," 19,471.50 "," 36,397.25 "," 22,100.50 "," 51,364.00 "," 34,982.00 "," 27,795.75 "," 26,498.00 "," 25,283.42 "," 30,952.00 ", 10.47 , 9.88 , 10.50 , 10.10 , 17.00 , 7.00 , 12.00 , 11.00 , 11.67 , 2.83 , 1.95 , 2.48 , 2.39 , 25.00 ," 15,912.00 ","-16,925.75 "," 14,296.75 "," 688,969,820.25 ", 0.71 , 1.30 , 0.69 ," 11,369.98 ","-21,977.80 "," 9,931.26 ", 10.00 ,-5.00 , 1.00 , 0.69 , 1.67 , 0.97 , 6.86 ,-8.33 , 10.09 ," 24,168.21 ",-3172.96,-15.11275169
01/10/2024,MOBILE VET CLINIC," 19,471.50 ", 7.00 , 9.88 , 1.95 , 10.00 ," 36,397.25 "," 22,100.50 "," 51,364.00 "," 34,982.00 "," 27,795.75 "," 26,498.00 "," 10,875.25 "," 26,199.00 "," 25,989.75 "," 32,018.50 ", 10.50 , 10.00 , 10.85 , 10.13 , 12.00 , 11.00 , 19.00 , 11.00 , 10.00 , 2.48 , 2.40 , 2.94 , 2.28 , 25.00 ," 14,296.75 ","-29,263.50 "," 16,382.00 "," 804,397,423.63 ", 0.71 , 1.18 , 0.51 ," 10,208.71 ","-34,413.30 "," 8,289.15 ", 1.00 ,-8.00 , 8.00 , 0.83 , 0.91 , 0.53 , 0.83 ,-7.27 , 10.06 ," 23,418.33 ",-3946.832,-20.26978918
01/12/2024,LOW COST PET VAX," 133,228.72 ", 31.00 , 10.88 , 3.43 , 12.00 ," 91,341.11 "," 35,306.87 "," 9,399.90 "," 534,002.86 "," 35,435.58 "," 1,488.00 "," 756,609.01 "," 62,223.93 "," 86,625.57 "," 139,785.84 ", 10.88 , 10.47 , 9.15 , 10.75 , 16.00 , 17.00 , 8.00 , 32.00 , 21.33 , 2.77 , 2.83 , 2.08 , 3.01 , 23.00 ," 56,034.24 "," 25,906.97 ","-524,602.96 "," 3,224,968,696.43 ", 0.95 , 2.45 , 9.22 ," 53,141.44 "," 63,562.87 ","-4,834,522.57 ",-1.00 , 9.00 ,-24.00 , 1.33 , 1.25 , 2.67 ,-1.33 , 11.29 , 10.85 ," 51,375.72 ",81853.005,61.43795797
01/11/2024,LOW COST PET VAX," 91,341.11 ", 16.00 , 10.88 , 2.77 , 11.00 ," 35,306.87 "," 9,399.90 "," 534,002.86 "," 35,435.58 "," 1,488.00 "," 756,609.01 "," 62,223.93 "," 21,858.80 "," 45,349.29 "," 117,829.05 ", 10.47 , 9.15 , 10.88 , 10.17 , 17.00 , 8.00 , 32.00 , 22.00 , 13.67 , 2.83 , 2.08 , 3.47 , 2.56 , 23.00 ," 25,906.97 ","-524,602.96 "," 498,567.28 "," 331,881,047.31 ", 1.28 , 4.82 , 0.08 ," 33,275.76 ","-2,530,917.72 "," 42,339.99 ", 9.00 ,-24.00 , 10.00 , 0.80 , 1.71 , 0.43 , 7.24 ,-41.00 , 10.98 ," 58,585.02 ",32756.094,35.86128305
01/10/2024,LOW COST PET VAX," 35,306.87 ", 17.00 , 10.47 , 2.83 , 10.00 ," 9,399.90 "," 534,002.86 "," 35,435.58 "," 1,488.00 "," 756,609.01 "," 62,223.93 "," 21,858.80 "," 329,047.15 "," 192,903.21 "," 228,707.04 ", 9.15 , 10.88 , 10.48 , 10.17 , 8.00 , 32.00 , 22.00 , 2.00 , 19.00 , 2.08 , 3.47 , 3.09 , 2.79 , 23.00 ,"-524,602.96 "," 498,567.28 "," 33,947.58 "," 5,019,573,483.71 ", 20.52 , 0.36 , 5.44 ,"-10,765,816.12 "," 180,102.46 "," 184,802.88 ",-24.00 , 10.00 , 20.00 , 2.38 , 0.59 , 0.86 ,-57.00 , 5.94 , 10.77 ," 47,450.97 ",-12144.095,-34.39584138
01/09/2024,LOW COST PET VAX," 9,399.90 ", 8.00 , 9.15 , 2.08 , 9.00 ," 534,002.86 "," 35,435.58 "," 1,488.00 "," 756,609.01 "," 62,223.93 "," 21,858.80 "," 329,047.15 "," 24,770.00 "," 192,946.11 "," 233,193.21 ", 10.88 , 10.48 , 7.31 , 10.17 , 32.00 , 22.00 , 2.00 , 30.00 , 20.67 , 3.47 , 3.09 , 0.69 , 2.88 , 23.00 ," 498,567.28 "," 33,947.58 ","-755,121.01 "," 18,922,701,065.76 ", 0.36 , 5.44 , 129.67 ," 180,142.52 "," 184,843.98 ","-97,915,096.76 ", 10.00 , 20.00 ,-28.00 , 0.65 , 0.94 , 10.33 , 6.46 , 18.79 , 9.76 ," 17,316.99 ",-7917.088,-84.22523644
01/09/2024,Laura Konopski Brentwood Animal Hospital," 25,752.25 ", 16.00 , 10.16 , 2.77 , 9.00 ," 19,504.75 "," 6,610.00 "," 20,535.50 "," 7,610.50 "," 4,585.50 "," 51,822.75 "," 5,046.00 "," 3,195.50 "," 17,289.00 "," 14,099.75 ", 9.88 , 8.80 , 9.93 , 9.61 , 14.00 , 6.00 , 10.00 , 5.00 , 12.00 , 2.64 , 1.79 , 2.30 , 2.40 , 24.00 ," 12,894.75 ","-13,925.50 "," 12,925.00 "," 128,926,397.50 ", 0.89 , 2.62 , 0.84 ," 11,429.90 ","-36,423.29 "," 10,881.66 ", 8.00 ,-4.00 , 5.00 , 0.86 , 2.00 , 1.20 , 6.86 ,-8.00 , 10.01 ," 22,227.65 ",3524.6,13.68657108
01/12/2024,Laura Konopski Brentwood Animal Hospital," 15,213.50 ", 11.00 , 9.63 , 2.40 , 12.00 ," 8,957.00 "," 10,742.00 "," 25,752.25 "," 19,504.75 "," 6,610.00 "," 20,535.50 "," 7,610.50 "," 4,585.50 "," 11,637.50 "," 14,463.25 ", 9.10 , 9.28 , 10.16 , 9.34 , 6.00 , 7.00 , 16.00 , 14.00 , 8.00 , 1.79 , 1.95 , 2.77 , 2.05 , 24.00 ,"-1,785.00 ","-15,010.25 "," 6,247.50 "," 96,216,094.00 ", 1.30 , 1.08 , 0.45 ,"-2,319.18 ","-16,261.57 "," 2,823.26 ",-1.00 ,-9.00 , 2.00 , 1.33 , 1.14 , 0.50 ,-1.33 ,-10.29 , 9.63 ," 15,271.76 ",-58.258,-0.382936208
01/10/2024,Laura Konopski Brentwood Animal Hospital," 10,742.00 ", 7.00 , 9.28 , 1.95 , 10.00 ," 25,752.25 "," 19,504.75 "," 6,610.00 "," 20,535.50 "," 7,610.50 "," 4,585.50 "," 51,822.75 "," 5,046.00 "," 18,666.33 "," 15,125.83 ", 10.16 , 9.88 , 8.80 , 9.77 , 16.00 , 14.00 , 6.00 , 10.00 , 12.33 , 2.77 , 2.64 , 1.79 , 2.45 , 24.00 ," 6,247.50 "," 12,894.75 ","-13,925.50 "," 502,291,198.19 ", 0.72 , 0.96 , 2.82 ," 4,528.46 "," 12,340.47 ","-39,324.97 ", 2.00 , 8.00 ,-4.00 , 0.77 , 0.88 , 2.06 , 1.54 , 7.05 , 9.54 ," 13,857.47 ",-3115.474,-29.00273692
01/11/2024,Laura Konopski Brentwood Animal Hospital," 8,957.00 ", 6.00 , 9.10 , 1.79 , 11.00 ," 10,742.00 "," 25,752.25 "," 19,504.75 "," 6,610.00 "," 20,535.50 "," 7,610.50 "," 4,585.50 "," 51,822.75 "," 15,150.42 "," 15,350.25 ", 9.28 , 10.16 , 9.88 , 9.51 , 7.00 , 16.00 , 14.00 , 6.00 , 9.67 , 1.95 , 2.77 , 2.64 , 2.17 , 24.00 ,"-15,010.25 "," 6,247.50 "," 12,894.75 "," 276,630,669.50 ", 1.41 , 0.59 , 0.78 ,"-21,170.32 "," 3,675.49 "," 10,016.06 ",-9.00 , 2.00 , 8.00 , 1.38 , 0.60 , 0.69 ,-12.43 , 1.21 , 9.39 ," 11,950.04 ",-2993.037,-33.41561907
01/12/2024,LARRY D. SHAW," 36,916.15 ", 7.00 , 10.52 , 1.95 , 12.00 ," 1,108.43 ", 716.87 , 209.10 ," 61,704.44 "," 5,970.48 "," 35,113.35 "," 15,285.15 "," 20,221.25 "," 12,913.82 "," 17,770.91 ", 7.01 , 6.85 , 6.85 , 8.13 , 2.00 , 2.00 , 1.00 , 10.00 , 3.67 , 0.69 , 0.69 , -   , 1.11 , 22.00 , 391.56 , 507.77 ,"-61,495.34 "," 794,600.21 ", 11.65 , 18.01 , 61.76 ," 4,561.89 "," 9,147.05 ","-3,797,893.58 ", -   , 1.00 ,-9.00 , 1.83 , 1.83 , 3.67 , -   , 1.83 , 9.74 ," 17,023.90 ",19892.252,53.88495821
01/11/2024,LARRY D. SHAW," 1,108.43 ", 2.00 , 7.01 , 0.69 , 11.00 , 716.87 , 209.10 ," 61,704.44 "," 5,970.48 "," 35,113.35 "," 15,285.15 "," 20,221.25 "," 1,890.20 ", 678.13 ," 17,470.44 ", 6.85 , 6.85 , 10.88 , 6.91 , 2.00 , 1.00 , 10.00 , 11.00 , 1.67 , 0.69 , -   , 2.30 , 0.46 , 22.00 , 507.77 ,"-61,495.34 "," 55,733.96 "," 149,897.52 ", 0.95 , 3.24 , 0.01 , 480.33 ,"-199,435.87 ", 612.52 , 1.00 ,-9.00 ,-1.00 , 0.83 , 1.67 , 0.17 , 0.83 ,-15.00 , 7.68 ," 2,172.82 ",-1064.3932,-96.0271014
01/10/2024,LARRY D. SHAW, 716.87 , 2.00 , 6.85 , 0.69 , 10.00 , 209.10 ," 61,704.44 "," 5,970.48 "," 35,113.35 "," 15,285.15 "," 20,221.25 "," 1,890.20 "," 8,111.50 "," 20,876.80 "," 19,833.23 ", 6.85 , 10.88 , 8.69 , 8.20 , 1.00 , 10.00 , 11.00 , 26.00 , 4.33 , -   , 2.30 , 2.40 , 1.00 , 22.00 ,"-61,495.34 "," 55,733.96 ","-29,142.87 "," 12,902,398.40 ", 99.84 , 0.34 , 3.50 ,"-6,139,771.01 "," 18,856.78 ","-101,903.02 ",-9.00 ,-1.00 ,-15.00 , 4.33 , 0.43 , 0.39 ,-39.00 ,-0.43 , 8.62 ," 5,562.41 ",-4845.541,-675.9302244
01/09/2024,LARRY D. SHAW, 209.10 , 1.00 , 6.85 , -   , 9.00 ," 61,704.44 "," 5,970.48 "," 35,113.35 "," 15,285.15 "," 20,221.25 "," 1,890.20 "," 8,111.50 "," 3,469.00 "," 22,628.01 "," 23,083.96 ", 10.88 , 8.69 , 10.47 , 8.81 , 10.00 , 11.00 , 26.00 , 25.00 , 7.33 , 2.30 , 2.40 , 3.26 , 1.57 , 22.00 ," 55,733.96 ","-29,142.87 "," 19,828.20 "," 368,405,124.93 ", 0.37 , 3.79 , 0.64 ," 20,438.54 ","-110,450.93 "," 12,777.84 ",-1.00 ,-15.00 , 1.00 , 0.73 , 0.67 , 0.28 ,-0.73 ,-10.00 , 8.53 ," 5,061.75 ",-4852.65,-2320.731707
01/11/2024,KIRKWOOD ANIMAL HOSPITAL," 21,172.75 ", 12.00 , 9.96 , 2.48 , 11.00 ," 16,580.50 "," 13,303.25 "," 20,385.50 "," 16,520.00 "," 19,086.75 "," 17,372.25 "," 15,069.00 "," 12,511.25 "," 17,018.83 "," 17,841.46 ", 9.72 , 9.50 , 9.92 , 9.72 , 10.00 , 8.00 , 12.00 , 13.00 , 10.00 , 2.30 , 2.08 , 2.48 , 2.29 , 21.00 ," 3,277.25 ","-7,082.25 "," 3,865.50 "," 220,574,536.63 ", 1.03 , 1.28 , 0.83 ," 3,363.89 ","-9,060.31 "," 3,227.11 ", 2.00 ,-4.00 ,-1.00 , 1.00 , 1.25 , 0.83 , 2.00 ,-5.00 , 9.91 ," 20,230.54 ",942.215,4.450130474
01/09/2024,KIRKWOOD ANIMAL HOSPITAL," 13,303.25 ", 8.00 , 9.50 , 2.08 , 9.00 ," 20,385.50 "," 16,520.00 "," 19,086.75 "," 17,372.25 "," 15,069.00 "," 12,511.25 "," 12,020.50 "," 7,738.50 "," 16,736.25 "," 16,956.13 ", 9.92 , 9.71 , 9.86 , 9.71 , 12.00 , 13.00 , 10.00 , 9.00 , 11.00 , 2.48 , 2.56 , 2.30 , 2.38 , 21.00 ," 3,865.50 ","-2,566.75 "," 1,714.50 "," 336,768,460.00 ", 0.82 , 1.01 , 0.88 ," 3,173.53 ","-2,600.35 "," 1,503.36 ",-1.00 , 3.00 , 1.00 , 0.92 , 0.85 , 1.10 ,-0.92 , 2.54 , 9.50 ," 13,413.54 ",-110.288,-0.8290305
01/10/2024,KIRKWOOD ANIMAL HOSPITAL," 16,580.50 ", 10.00 , 9.72 , 2.30 , 10.00 ," 13,303.25 "," 20,385.50 "," 16,520.00 "," 19,086.75 "," 17,372.25 "," 15,069.00 "," 12,511.25 "," 12,020.50 "," 16,756.42 "," 17,208.04 ", 9.50 , 9.92 , 9.71 , 9.71 , 8.00 , 12.00 , 13.00 , 10.00 , 10.00 , 2.08 , 2.48 , 2.56 , 2.29 , 21.00 ,"-7,082.25 "," 3,865.50 ","-2,566.75 "," 271,193,402.88 ", 1.26 , 0.82 , 1.01 ,"-8,920.61 "," 3,177.35 ","-2,603.48 ",-4.00 ,-1.00 , 3.00 , 1.25 , 0.83 , 0.77 ,-5.00 ,-0.83 , 9.73 ," 16,776.31 ",-195.81,-1.180965592
01/12/2024,KIRKWOOD ANIMAL HOSPITAL," 19,548.50 ", 13.00 , 9.88 , 2.56 , 12.00 ," 21,172.75 "," 16,580.50 "," 13,303.25 "," 20,385.50 "," 16,520.00 "," 19,086.75 "," 17,372.25 "," 15,069.00 "," 19,100.58 "," 17,918.42 ", 9.96 , 9.72 , 9.50 , 9.85 , 12.00 , 10.00 , 8.00 , 12.00 , 11.67 , 2.48 , 2.30 , 2.08 , 2.45 , 21.00 ," 4,592.25 "," 3,277.25 ","-7,082.25 "," 351,054,781.38 ", 0.90 , 1.15 , 1.44 ," 4,142.81 "," 3,775.36 ","-10,168.58 ", 2.00 , 2.00 ,-4.00 , 0.97 , 1.17 , 1.46 , 1.94 , 2.33 , 10.05 ," 23,104.44 ",-3555.94,-18.19034709
01/12/2024,KIMBALL ANIMAL HOSPITAL," 5,341.50 ", 15.00 , 8.58 , 2.71 , 12.00 ," 3,724.25 "," 6,767.25 "," 5,038.75 "," 7,309.25 "," 4,783.50 "," 3,944.50 "," 6,898.50 "," 3,995.00 "," 5,277.67 "," 5,494.08 ", 8.22 , 8.82 , 8.52 , 8.54 , 10.00 , 17.00 , 12.00 , 23.00 , 14.00 , 2.30 , 2.83 , 2.48 , 2.61 , 20.00 ,"-3,043.00 "," 1,728.50 ","-2,270.50 "," 25,202,930.81 ", 1.42 , 0.78 , 1.05 ,"-4,312.26 "," 1,348.03 ","-2,378.16 ",-7.00 , 5.00 ,-11.00 , 1.40 , 0.82 , 1.17 ,-9.80 , 4.12 , 8.38 ," 4,365.01 ",976.488,18.28115698
01/11/2024,KIMBALL ANIMAL HOSPITAL," 3,724.25 ", 10.00 , 8.22 , 2.30 , 11.00 ," 6,767.25 "," 5,038.75 "," 7,309.25 "," 4,783.50 "," 3,944.50 "," 6,898.50 "," 3,995.00 "," 3,283.75 "," 5,176.75 "," 5,261.25 ", 8.82 , 8.52 , 8.90 , 8.52 , 17.00 , 12.00 , 23.00 , 15.00 , 13.00 , 2.83 , 2.48 , 3.14 , 2.54 , 20.00 ," 1,728.50 ","-2,270.50 "," 2,525.75 "," 34,098,480.94 ", 0.76 , 1.03 , 0.71 ," 1,322.25 ","-2,332.68 "," 1,788.85 ", 5.00 ,-11.00 , 8.00 , 0.76 , 1.08 , 0.57 , 3.82 ,-11.92 , 8.26 ," 3,862.09 ",-137.843,-3.701228435
01/10/2024,KIMBALL ANIMAL HOSPITAL," 6,767.25 ", 17.00 , 8.82 , 2.83 , 10.00 ," 5,038.75 "," 7,309.25 "," 4,783.50 "," 3,944.50 "," 6,898.50 "," 3,995.00 "," 3,283.75 "," 3,706.00 "," 6,371.75 "," 5,790.29 ", 8.52 , 8.90 , 8.47 , 8.75 , 12.00 , 23.00 , 15.00 , 13.00 , 17.33 , 2.48 , 3.14 , 2.71 , 2.82 , 20.00 ,"-2,270.50 "," 2,525.75 ", 839.00 ," 36,829,483.44 ", 1.26 , 0.87 , 1.33 ,"-2,871.16 "," 2,201.79 "," 1,117.57 ",-11.00 , 8.00 , 2.00 , 1.44 , 0.75 , 1.16 ,-15.89 , 6.03 , 8.94 ," 7,619.12 ",-851.872,-12.58815619
01/09/2024,KIMBALL ANIMAL HOSPITAL," 5,038.75 ", 12.00 , 8.52 , 2.48 , 9.00 ," 7,309.25 "," 4,783.50 "," 3,944.50 "," 6,898.50 "," 3,995.00 "," 3,283.75 "," 3,706.00 "," 1,444.50 "," 5,710.50 "," 5,328.25 ", 8.90 , 8.47 , 8.28 , 8.63 , 23.00 , 15.00 , 13.00 , 19.00 , 16.67 , 3.14 , 2.71 , 2.56 , 2.78 , 20.00 ," 2,525.75 ", 839.00 ,"-2,954.00 "," 34,963,797.38 ", 0.78 , 1.19 , 1.45 ," 1,973.29 "," 1,001.59 ","-4,276.54 ", 8.00 , 2.00 ,-6.00 , 0.72 , 1.11 , 1.28 , 5.80 , 2.22 , 8.67 ," 5,817.58 ",-778.833,-15.45686926
01/09/2024,JORDAN VETERINARY HOSPITAL," 12,881.25 ", 16.00 , 9.46 , 2.77 , 9.00 ," 17,984.25 "," 15,488.50 "," 14,329.25 "," 6,724.50 "," 10,189.25 "," 5,295.25 "," 1,662.25 "," 2,775.75 "," 15,451.33 "," 12,932.83 ", 9.80 , 9.65 , 9.57 , 9.64 , 21.00 , 20.00 , 23.00 , 9.00 , 19.00 , 3.04 , 3.00 , 3.14 , 2.94 , 19.00 ," 2,495.75 "," 1,159.25 "," 7,604.75 "," 278,549,056.13 ", 0.86 , 1.00 , 1.08 ," 2,144.25 "," 1,156.47 "," 8,200.26 ", 1.00 ,-3.00 , 14.00 , 0.90 , 0.95 , 0.83 , 0.90 ,-2.85 , 9.39 ," 12,018.30 ",862.948,6.699256672
01/12/2024,JORDAN VETERINARY HOSPITAL," 11,637.75 ", 20.00 , 9.36 , 3.00 , 12.00 ," 11,822.25 "," 10,459.75 "," 12,881.25 "," 17,984.25 "," 15,488.50 "," 14,329.25 "," 6,724.50 "," 10,189.25 "," 11,306.58 "," 13,378.96 ", 9.38 , 9.26 , 9.46 , 9.33 , 15.00 , 15.00 , 16.00 , 21.00 , 16.67 , 2.71 , 2.71 , 2.77 , 2.80 , 19.00 ," 1,362.50 ","-2,421.50 ","-5,103.00 "," 123,657,779.44 ", 0.96 , 1.08 , 0.88 ," 1,303.07 ","-2,617.55 ","-4,479.18 ", -   ,-1.00 ,-5.00 , 1.11 , 1.11 , 1.04 , -   ,-1.11 , 9.33 ," 11,247.15 ",390.596,3.356284505
01/11/2024,JORDAN VETERINARY HOSPITAL," 11,822.25 ", 15.00 , 9.38 , 2.71 , 11.00 ," 10,459.75 "," 12,881.25 "," 17,984.25 "," 15,488.50 "," 14,329.25 "," 6,724.50 "," 10,189.25 "," 5,295.25 "," 11,721.08 "," 13,827.54 ", 9.26 , 9.46 , 9.80 , 9.37 , 15.00 , 16.00 , 21.00 , 20.00 , 15.33 , 2.71 , 2.77 , 3.04 , 2.73 , 19.00 ,"-2,421.50 ","-5,103.00 "," 2,495.75 "," 134,734,654.69 ", 1.12 , 0.91 , 0.65 ,"-2,713.51 ","-4,643.39 "," 1,626.58 ",-1.00 ,-5.00 , 1.00 , 1.02 , 0.96 , 0.73 ,-1.02 ,-4.79 , 9.36 ," 11,636.47 ",185.781,1.571452135
01/10/2024,JORDAN VETERINARY HOSPITAL," 10,459.75 ", 15.00 , 9.26 , 2.71 , 10.00 ," 12,881.25 "," 17,984.25 "," 15,488.50 "," 14,329.25 "," 6,724.50 "," 10,189.25 "," 5,295.25 "," 1,662.25 "," 13,775.08 "," 12,977.92 ", 9.46 , 9.80 , 9.65 , 9.51 , 16.00 , 21.00 , 20.00 , 23.00 , 17.33 , 2.77 , 3.04 , 3.00 , 2.84 , 19.00 ,"-5,103.00 "," 2,495.75 "," 1,159.25 "," 231,659,620.31 ", 1.07 , 0.77 , 0.89 ,"-5,457.10 "," 1,911.63 "," 1,031.01 ",-5.00 , 1.00 ,-3.00 , 1.08 , 0.83 , 0.87 ,-5.42 , 0.83 , 9.33 ," 11,271.82 ",-812.068,-7.763741963
01/10/2024,JEFFERSON VETERINARY CENTER," 2,697.00 ", 7.00 , 7.90 , 1.95 , 10.00 ," 2,299.25 "," 3,053.00 "," 3,577.00 "," 3,632.75 "," 1,609.00 "," 5,099.00 "," 3,053.00 "," 3,133.00 "," 2,683.08 "," 2,811.33 ", 7.74 , 8.02 , 8.18 , 7.89 , 5.00 , 7.00 , 6.00 , 7.00 , 6.33 , 1.61 , 1.95 , 1.79 , 1.83 , 18.00 ,-753.75 ,-524.00 ,-55.75 ," 7,019,610.25 ", 1.17 , 0.88 , 0.75 ,-879.58 ,-460.51 ,-41.82 ,-2.00 , 1.00 ,-1.00 , 1.27 , 0.90 , 1.06 ,-2.53 , 0.90 , 7.78 ," 2,392.56 ",304.4438,11.28823878
01/12/2024,JEFFERSON VETERINARY CENTER," 3,160.75 ", 6.00 , 8.06 , 1.79 , 12.00 ," 2,442.00 "," 2,697.00 "," 2,299.25 "," 3,053.00 "," 3,577.00 "," 3,632.75 "," 1,609.00 "," 5,099.00 "," 2,766.58 "," 2,871.50 ", 7.80 , 7.90 , 7.74 , 7.92 , 6.00 , 7.00 , 5.00 , 7.00 , 6.33 , 1.79 , 1.95 , 1.61 , 1.84 , 18.00 ,-255.00 , 397.75 ,-753.75 ," 6,586,074.00 ", 1.13 , 1.03 , 1.20 ,-288.89 , 408.01 ,-906.95 ,-1.00 , 2.00 ,-2.00 , 1.06 , 0.90 , 1.27 ,-1.06 , 1.81 , 7.97 ," 2,905.13 ",255.617,8.087226133
01/11/2024,JEFFERSON VETERINARY CENTER," 2,442.00 ", 6.00 , 7.80 , 1.79 , 11.00 ," 2,697.00 "," 2,299.25 "," 3,053.00 "," 3,577.00 "," 3,632.75 "," 1,609.00 "," 5,099.00 "," 3,053.00 "," 2,479.42 "," 2,950.17 ", 7.90 , 7.74 , 8.02 , 7.81 , 7.00 , 5.00 , 7.00 , 6.00 , 6.00 , 1.95 , 1.61 , 1.95 , 1.78 , 18.00 , 397.75 ,-753.75 ,-524.00 ," 6,201,077.25 ", 0.92 , 1.08 , 0.81 , 365.66 ,-812.81 ,-425.55 , 2.00 ,-2.00 , 1.00 , 0.86 , 1.20 , 0.86 , 1.71 ,-2.40 , 7.87 ," 2,616.08 ",-174.077,-7.128460278
01/09/2024,JEFFERSON VETERINARY CENTER," 2,299.25 ", 5.00 , 7.74 , 1.61 , 9.00 ," 3,053.00 "," 3,577.00 "," 3,632.75 "," 1,609.00 "," 5,099.00 "," 3,053.00 "," 3,133.00 "," 3,715.75 "," 2,976.42 "," 3,211.67 ", 8.02 , 8.18 , 8.20 , 7.98 , 7.00 , 6.00 , 7.00 , 3.00 , 6.00 , 1.95 , 1.79 , 1.95 , 1.78 , 18.00 ,-524.00 ,-55.75 ," 2,023.75 "," 10,920,581.00 ", 0.97 , 0.83 , 0.82 ,-510.86 ,-46.39 ," 1,658.12 ", 1.00 ,-1.00 , 4.00 , 0.86 , 1.00 , 0.86 , 0.86 ,-1.00 , 7.87 ," 2,616.41 ",-317.1611,-13.79411112
01/10/2024,JEFF BATTERSHELL," 16,680.00 ", 2.00 , 9.72 , 0.69 , 10.00 ," 8,995.00 "," 30,957.50 "," 32,900.75 "," 4,120.00 "," 23,610.00 "," 34,555.00 "," 4,120.00 "," 41,535.00 "," 18,877.50 "," 19,543.88 ", 9.10 , 10.34 , 10.40 , 9.72 , 2.00 , 5.00 , 6.00 , 1.00 , 3.00 , 0.69 , 1.61 , 1.79 , 1.00 , 17.00 ,"-21,962.50 ","-1,943.25 "," 28,780.75 "," 278,462,712.50 ", 2.10 , 0.61 , 0.57 ,"-46,091.95 ","-1,184.97 "," 16,513.56 ",-3.00 ,-1.00 , 5.00 , 1.50 , 0.60 , 0.50 ,-4.50 ,-0.60 , 9.67 ," 15,854.59 ",825.414,4.94852518
01/11/2024,JEFF BATTERSHELL," 20,417.00 ", 6.00 , 9.92 , 1.79 , 11.00 ," 16,680.00 "," 8,995.00 "," 30,957.50 "," 32,900.75 "," 4,120.00 "," 23,610.00 "," 34,555.00 "," 4,120.00 "," 15,364.00 "," 19,011.71 ", 9.72 , 9.10 , 10.34 , 9.58 , 2.00 , 2.00 , 5.00 , 6.00 , 3.33 , 0.69 , 0.69 , 1.61 , 1.06 , 17.00 ," 7,685.00 ","-21,962.50 ","-1,943.25 "," 150,036,600.00 ", 0.92 , 1.71 , 0.50 ," 7,078.68 ","-37,513.27 ",-964.42 , -   ,-3.00 ,-1.00 , 1.67 , 1.67 , 0.67 , -   ,-5.00 , 9.92 ," 20,415.22 ",1.78,0.008718225
01/12/2024,JEFF BATTERSHELL," 18,496.25 ", 4.00 , 9.83 , 1.39 , 12.00 ," 20,417.00 "," 16,680.00 "," 8,995.00 "," 30,957.50 "," 32,900.75 "," 4,120.00 "," 23,610.00 "," 34,555.00 "," 18,531.08 "," 21,407.75 ", 9.92 , 9.72 , 9.10 , 9.82 , 6.00 , 2.00 , 2.00 , 5.00 , 4.00 , 1.79 , 0.69 , 0.69 , 1.29 , 17.00 ," 3,737.00 "," 7,685.00 ","-21,962.50 "," 340,555,560.00 ", 0.91 , 1.11 , 2.06 ," 3,391.81 "," 8,537.85 ","-45,246.13 ", 4.00 , -   ,-3.00 , 0.67 , 2.00 , 2.00 , 2.67 , -   , 9.97 ," 21,297.01 ",-2800.76,-15.14231263
01/09/2024,JEFF BATTERSHELL," 8,995.00 ", 2.00 , 9.10 , 0.69 , 9.00 ," 30,957.50 "," 32,900.75 "," 4,120.00 "," 23,610.00 "," 34,555.00 "," 4,120.00 "," 41,535.00 "," 22,323.00 "," 24,284.42 "," 22,523.04 ", 10.34 , 10.40 , 8.32 , 9.95 , 5.00 , 6.00 , 1.00 , 2.00 , 4.33 , 1.61 , 1.79 , -   , 1.36 , 17.00 ,"-1,943.25 "," 28,780.75 ","-19,490.00 "," 1,018,524,968.13 ", 0.78 , 0.74 , 5.89 ,"-1,524.37 "," 21,243.40 ","-114,879.44 ",-1.00 , 5.00 ,-1.00 , 0.87 , 0.72 , 4.33 ,-0.87 , 3.61 , 9.86 ," 19,168.36 ",-10173.36,-113.1001668
01/09/2024,HOPE ANIMAL CLINIC," 34,279.00 ", 20.00 , 10.44 , 3.00 , 9.00 ," 21,114.25 "," 19,895.40 "," 17,135.20 "," 20,770.15 "," 10,526.20 "," 18,293.40 "," 14,807.00 "," 7,855.50 "," 25,096.22 "," 20,620.03 ", 9.96 , 9.90 , 9.75 , 10.10 , 18.00 , 14.00 , 13.00 , 17.00 , 17.33 , 2.89 , 2.64 , 2.56 , 2.84 , 16.00 ," 1,218.85 "," 2,760.20 ","-3,634.95 "," 420,076,449.45 ", 1.19 , 1.26 , 1.46 ," 1,448.71 "," 3,481.74 ","-5,323.75 ", 4.00 , 1.00 ,-4.00 , 0.96 , 1.24 , 1.33 , 3.85 , 1.24 , 10.30 ," 29,860.21 ",4418.79,12.89066192
01/10/2024,HOPE ANIMAL CLINIC," 28,151.75 ", 16.00 , 10.25 , 2.77 , 10.00 ," 34,279.00 "," 21,114.25 "," 19,895.40 "," 17,135.20 "," 20,770.15 "," 10,526.20 "," 18,293.40 "," 14,807.00 "," 27,848.33 "," 23,557.63 ", 10.44 , 9.96 , 9.90 , 10.22 , 20.00 , 18.00 , 14.00 , 13.00 , 18.00 , 3.00 , 2.89 , 2.64 , 2.89 , 16.00 ," 13,164.75 "," 1,218.85 "," 2,760.20 "," 723,775,375.75 ", 0.81 , 1.32 , 1.40 ," 10,695.07 "," 1,607.58 "," 3,863.55 ", 2.00 , 4.00 , 1.00 , 0.90 , 1.00 , 1.29 , 1.80 , 4.00 , 10.25 ," 28,372.64 ",-220.889,-0.784636834
01/12/2024,HOPE ANIMAL CLINIC," 26,598.25 ", 15.00 , 10.19 , 2.71 , 12.00 ," 31,689.20 "," 28,151.75 "," 34,279.00 "," 21,114.25 "," 19,895.40 "," 17,135.20 "," 20,770.15 "," 10,526.20 "," 28,813.07 "," 26,954.64 ", 10.36 , 10.25 , 10.44 , 10.27 , 19.00 , 16.00 , 20.00 , 18.00 , 16.67 , 2.94 , 2.77 , 3.00 , 2.81 , 16.00 ," 3,537.45 ","-6,127.25 "," 13,164.75 "," 892,106,436.10 ", 0.91 , 1.02 , 0.84 ," 3,216.39 ","-6,271.19 "," 11,065.57 ", 3.00 ,-4.00 , 2.00 , 0.88 , 1.04 , 0.83 , 2.63 ,-4.17 , 10.20 ," 26,994.67 ",-396.424,-1.490413843
01/11/2024,HOPE ANIMAL CLINIC," 31,689.20 ", 19.00 , 10.36 , 2.94 , 11.00 ," 28,151.75 "," 34,279.00 "," 21,114.25 "," 19,895.40 "," 17,135.20 "," 20,770.15 "," 10,526.20 "," 18,293.40 "," 31,373.32 "," 25,377.47 ", 10.25 , 10.44 , 9.96 , 10.35 , 16.00 , 20.00 , 18.00 , 14.00 , 18.33 , 2.77 , 3.00 , 2.89 , 2.90 , 16.00 ,"-6,127.25 "," 13,164.75 "," 1,218.85 "," 965,013,838.25 ", 1.11 , 0.92 , 1.49 ,"-6,828.43 "," 12,048.83 "," 1,811.07 ",-4.00 , 2.00 , 4.00 , 1.15 , 0.92 , 1.02 ,-4.58 , 1.83 , 10.43 ," 33,733.34 ",-2044.14,-6.450588844
01/10/2024,HILLDALE VETERINARY HOSPITAL," 2,255.00 ", 7.00 , 7.72 , 1.95 , 10.00 , 950.50 , 742.75 , 947.00 ," 1,605.00 "," 1,437.50 "," 1,603.25 ", 535.00 , 691.75 ," 1,316.08 "," 1,322.96 ", 6.86 , 6.85 , 6.85 , 7.14 , 3.00 , 3.00 , 4.00 , 6.00 , 4.33 , 1.10 , 1.10 , 1.39 , 1.38 , 15.00 , 207.75 ,-204.25 ,-658.00 ," 705,983.88 ", 1.38 , 1.77 , 1.39 , 287.66 ,-361.91 ,-914.45 , -   ,-1.00 ,-2.00 , 1.44 , 1.44 , 1.08 , -   ,-1.44 , 7.48 ," 1,769.70 ",485.3036,21.52122395
01/09/2024,HILLDALE VETERINARY HOSPITAL, 950.50 , 3.00 , 6.86 , 1.10 , 9.00 , 742.75 , 947.00 ," 1,605.00 "," 1,437.50 "," 1,603.25 ", 535.00 , 691.75 ," 1,297.50 ", 880.08 ," 1,214.33 ", 6.85 , 6.85 , 7.38 , 6.85 , 3.00 , 4.00 , 6.00 , 6.00 , 3.33 , 1.10 , 1.39 , 1.79 , 1.19 , 15.00 ,-204.25 ,-658.00 , 167.50 ," 703,384.25 ", 1.18 , 0.93 , 0.55 ,-242.02 ,-611.50 , 91.85 ,-1.00 ,-2.00 , -   , 1.11 , 0.83 , 0.56 ,-1.11 ,-1.67 , 7.21 ," 1,349.52 ",-399.0214,-41.98015781
01/12/2024,HILLDALE VETERINARY HOSPITAL," 1,631.25 ", 5.00 , 7.40 , 1.61 , 12.00 , 742.75 ," 2,255.00 ", 950.50 , 742.75 , 947.00 ," 1,605.00 "," 1,437.50 "," 1,603.25 "," 1,543.00 "," 1,211.54 ", 6.85 , 7.72 , 6.86 , 7.32 , 5.00 , 7.00 , 3.00 , 3.00 , 5.67 , 1.61 , 1.95 , 1.10 , 1.72 , 15.00 ,"-1,512.25 "," 1,304.50 ", 207.75 ," 1,674,901.25 ", 2.08 , 0.68 , 1.62 ,"-3,141.57 ", 892.61 , 337.25 ,-2.00 , 4.00 , -   , 1.13 , 0.81 , 1.89 ,-2.27 , 3.24 , 7.77 ," 2,365.45 ",-734.1956,-45.00815939
01/11/2024,HILLDALE VETERINARY HOSPITAL, 742.75 , 5.00 , 6.85 , 1.61 , 11.00 ," 2,255.00 ", 950.50 , 742.75 , 947.00 ," 1,605.00 "," 1,437.50 "," 1,603.25 ", 535.00 ," 1,316.08 "," 1,207.17 ", 7.72 , 6.86 , 6.85 , 7.14 , 7.00 , 3.00 , 3.00 , 4.00 , 5.00 , 1.95 , 1.10 , 1.10 , 1.55 , 15.00 ," 1,304.50 ", 207.75 ,-204.25 ," 2,143,377.50 ", 0.58 , 1.38 , 1.77 , 761.34 , 287.66 ,-361.91 , 4.00 , -   ,-1.00 , 0.71 , 1.67 , 1.67 , 2.86 , -   , 7.02 ," 1,122.06 ",-379.3132,-51.06875799
01/11/2024,GULLY ANIMAL HOSPITAL," 26,269.25 ", 51.00 , 10.18 , 3.93 , 11.00 ," 25,648.75 "," 26,687.75 "," 32,409.50 "," 35,750.50 "," 31,694.75 "," 33,878.00 "," 31,725.25 "," 28,228.50 "," 26,201.92 "," 29,743.42 ", 10.15 , 10.19 , 10.39 , 10.17 , 53.00 , 51.00 , 67.00 , 81.00 , 51.67 , 3.97 , 3.93 , 4.20 , 3.94 , 14.00 ,"-1,039.00 ","-5,721.75 ","-3,341.00 "," 684,507,427.81 ", 1.02 , 0.98 , 0.81 ,"-1,061.41 ","-5,617.59 ","-2,701.08 ", 2.00 ,-16.00 ,-14.00 , 0.97 , 1.01 , 0.77 , 1.95 ,-16.21 , 10.15 ," 25,599.24 ",670.006,2.550533418
01/10/2024,GULLY ANIMAL HOSPITAL," 25,648.75 ", 53.00 , 10.15 , 3.97 , 10.00 ," 26,687.75 "," 32,409.50 "," 35,750.50 "," 31,694.75 "," 33,878.00 "," 31,725.25 "," 28,228.50 "," 24,035.75 "," 28,248.67 "," 31,011.54 ", 10.19 , 10.39 , 10.48 , 10.24 , 51.00 , 67.00 , 81.00 , 64.00 , 57.00 , 3.93 , 4.20 , 4.39 , 4.04 , 14.00 ,"-5,721.75 ","-3,341.00 "," 4,055.75 "," 864,936,633.63 ", 1.06 , 0.87 , 0.79 ,"-6,056.40 ","-2,912.07 "," 3,204.70 ",-16.00 ,-14.00 , 17.00 , 1.12 , 0.85 , 0.70 ,-17.88 ,-11.91 , 10.22 ," 27,562.95 ",-1914.203,-7.463143428
01/12/2024,GULLY ANIMAL HOSPITAL," 17,035.50 ", 40.00 , 9.74 , 3.69 , 12.00 ," 26,269.25 "," 25,648.75 "," 26,687.75 "," 32,409.50 "," 35,750.50 "," 31,694.75 "," 33,878.00 "," 31,725.25 "," 22,984.50 "," 27,300.21 ", 10.18 , 10.15 , 10.19 , 10.02 , 51.00 , 53.00 , 51.00 , 67.00 , 48.00 , 3.93 , 3.97 , 3.93 , 3.86 , 14.00 , 620.50 ,"-1,039.00 ","-5,721.75 "," 673,773,425.94 ", 0.87 , 0.90 , 0.86 , 542.91 ,-931.07 ,"-4,927.79 ",-2.00 , 2.00 ,-16.00 , 0.94 , 0.91 , 0.94 ,-1.88 , 1.81 , 9.87 ," 19,296.11 ",-2260.607,-13.2699774
01/09/2024,GULLY ANIMAL HOSPITAL," 26,687.75 ", 51.00 , 10.19 , 3.93 , 9.00 ," 32,409.50 "," 35,750.50 "," 31,694.75 "," 33,878.00 "," 31,725.25 "," 28,228.50 "," 24,035.75 "," 18,625.25 "," 31,615.92 "," 32,024.29 ", 10.39 , 10.48 , 10.36 , 10.35 , 67.00 , 81.00 , 64.00 , 69.00 , 66.33 , 4.20 , 4.39 , 4.16 , 4.18 , 14.00 ,"-3,341.00 "," 4,055.75 ","-2,183.25 "," 1,158,655,829.75 ", 0.98 , 0.88 , 1.00 ,"-3,259.19 "," 3,586.70 ","-2,177.82 ",-14.00 , 17.00 ,-5.00 , 0.99 , 0.82 , 1.04 ,-13.86 , 13.92 , 10.35 ," 31,267.07 ",-4579.322,-17.15889125
01/10/2024,FERDINAND TAMAS," 21,129.00 ", 15.00 , 9.96 , 2.71 , 10.00 ," 16,321.00 "," 25,527.75 "," 23,526.50 "," 22,645.00 "," 26,351.50 "," 22,229.50 "," 21,814.00 "," 20,224.00 "," 20,992.58 "," 22,583.46 ", 9.70 , 10.15 , 10.07 , 9.94 , 11.00 , 18.00 , 15.00 , 23.00 , 14.67 , 2.40 , 2.89 , 2.71 , 2.67 , 13.00 ,"-9,206.75 "," 2,001.25 ", 881.50 ," 416,638,407.75 ", 1.29 , 0.82 , 0.89 ,"-11,842.01 "," 1,645.72 ", 786.56 ,-7.00 , 3.00 ,-8.00 , 1.33 , 0.81 , 0.98 ,-9.33 , 2.44 , 9.97 ," 21,378.55 ",-249.549,-1.181073406
01/11/2024,FERDINAND TAMAS," 25,058.00 ", 19.00 , 10.13 , 2.94 , 11.00 ," 21,129.00 "," 16,321.00 "," 25,527.75 "," 23,526.50 "," 22,645.00 "," 26,351.50 "," 22,229.50 "," 21,814.00 "," 20,836.00 "," 22,367.88 ", 9.96 , 9.70 , 10.15 , 9.93 , 15.00 , 11.00 , 18.00 , 15.00 , 15.00 , 2.71 , 2.40 , 2.89 , 2.68 , 13.00 ," 4,808.00 ","-9,206.75 "," 2,001.25 "," 344,846,409.00 ", 0.99 , 1.28 , 0.82 ," 4,741.33 ","-11,753.68 "," 1,633.44 ", 4.00 ,-7.00 , 3.00 , 1.00 , 1.36 , 0.83 , 4.00 ,-9.55 , 10.15 ," 25,480.22 ",-422.215,-1.684950914
01/12/2024,FERDINAND TAMAS," 19,024.00 ", 20.00 , 9.85 , 3.00 , 12.00 ," 25,058.00 "," 21,129.00 "," 16,321.00 "," 25,527.75 "," 23,526.50 "," 22,645.00 "," 26,351.50 "," 22,229.50 "," 21,737.00 "," 21,764.38 ", 10.13 , 9.96 , 9.70 , 9.98 , 19.00 , 15.00 , 11.00 , 18.00 , 18.00 , 2.94 , 2.71 , 2.40 , 2.88 , 13.00 ," 3,929.00 "," 4,808.00 ","-9,206.75 "," 529,450,482.00 ", 0.87 , 1.03 , 1.33 ," 3,408.28 "," 4,946.35 ","-12,261.94 ", 4.00 , 4.00 ,-7.00 , 0.95 , 1.20 , 1.64 , 3.79 , 4.80 , 9.90 ," 19,865.35 ",-841.35,-4.422571489
01/09/2024,FERDINAND TAMAS," 16,321.00 ", 11.00 , 9.70 , 2.40 , 9.00 ," 25,527.75 "," 23,526.50 "," 22,645.00 "," 26,351.50 "," 22,229.50 "," 21,814.00 "," 20,224.00 "," 16,809.25 "," 21,791.75 "," 22,766.88 ", 10.15 , 10.07 , 10.03 , 9.97 , 18.00 , 15.00 , 23.00 , 17.00 , 14.67 , 2.89 , 2.71 , 3.14 , 2.67 , 13.00 ," 2,001.25 ", 881.50 ,"-3,706.50 "," 600,578,610.38 ", 0.85 , 0.93 , 0.96 ," 1,708.37 ", 816.50 ,"-3,566.84 ", 3.00 ,-8.00 , 6.00 , 0.81 , 0.98 , 0.64 , 2.44 ,-7.82 , 9.85 ," 19,037.19 ",-2716.191,-16.64230746
01/12/2024,ELK CREEK ANIMAL HOSPITAL," 49,703.25 ", 7.00 , 10.81 , 1.95 , 12.00 ," 14,019.00 "," 7,885.25 "," 3,472.00 "," 14,248.75 "," 10,202.50 "," 7,073.50 "," 14,983.25 "," 15,014.00 "," 23,869.17 "," 16,588.46 ", 9.55 , 8.97 , 8.15 , 9.78 , 12.00 , 7.00 , 2.00 , 15.00 , 8.67 , 2.48 , 1.95 , 0.69 , 2.13 , 12.00 ," 6,133.75 "," 4,413.25 ","-10,776.75 "," 110,543,319.75 ", 1.70 , 3.03 , 6.87 ," 10,443.51 "," 13,359.20 ","-74,087.57 ", 5.00 , 5.00 ,-13.00 , 0.72 , 1.24 , 4.33 , 3.61 , 6.19 , 10.22 ," 27,540.46 ",22162.787,44.59021694
01/10/2024,ELK CREEK ANIMAL HOSPITAL," 7,885.25 ", 7.00 , 8.97 , 1.95 , 10.00 ," 3,472.00 "," 14,248.75 "," 10,202.50 "," 7,073.50 "," 14,983.25 "," 15,014.00 "," 7,846.00 "," 5,038.50 "," 8,535.33 "," 9,644.21 ", 8.15 , 9.56 , 9.23 , 8.90 , 2.00 , 15.00 , 4.00 , 4.00 , 8.00 , 0.69 , 2.71 , 1.39 , 1.78 , 12.00 ,"-10,776.75 "," 4,046.25 "," 3,129.00 "," 49,471,660.00 ", 2.46 , 0.60 , 0.84 ,"-26,492.84 "," 2,423.80 "," 2,617.70 ",-13.00 , 11.00 , -   , 4.00 , 0.53 , 2.00 ,-52.00 , 5.87 , 8.47 ," 4,773.57 ",3111.683,39.46207159
01/11/2024,ELK CREEK ANIMAL HOSPITAL," 14,019.00 ", 12.00 , 9.55 , 2.48 , 11.00 ," 7,885.25 "," 3,472.00 "," 14,248.75 "," 10,202.50 "," 7,073.50 "," 14,983.25 "," 15,014.00 "," 7,846.00 "," 8,458.75 "," 9,483.50 ", 8.97 , 8.15 , 9.56 , 8.89 , 7.00 , 2.00 , 15.00 , 4.00 , 7.00 , 1.95 , 0.69 , 2.71 , 1.71 , 12.00 ," 4,413.25 ","-10,776.75 "," 4,046.25 "," 27,377,588.00 ", 1.07 , 2.44 , 0.59 ," 4,734.23 ","-26,255.14 "," 2,402.05 ", 5.00 ,-13.00 , 11.00 , 1.00 , 3.50 , 0.47 , 5.00 ,-45.50 , 9.28 ," 10,699.21 ",3319.787,23.68062629
01/09/2024,ELK CREEK ANIMAL HOSPITAL," 3,472.00 ", 2.00 , 8.15 , 0.69 , 9.00 ," 14,248.75 "," 10,202.50 "," 7,073.50 "," 14,983.25 "," 15,014.00 "," 7,846.00 "," 5,038.50 ", 583.50 ," 9,307.75 "," 10,832.33 ", 9.56 , 9.23 , 8.86 , 8.98 , 15.00 , 4.00 , 4.00 , 11.00 , 7.00 , 2.71 , 1.39 , 1.39 , 1.60 , 12.00 ," 4,046.25 "," 3,129.00 ","-7,909.75 "," 145,372,871.88 ", 0.65 , 0.91 , 1.32 ," 2,643.14 "," 2,854.59 ","-10,408.14 ", 11.00 , -   ,-7.00 , 0.47 , 1.75 , 1.75 , 5.13 , -   , 8.60 ," 5,405.83 ",-1933.828,-55.69781106
01/09/2024,"Dr. Lane Arrendell, DVM"," 17,905.50 ", 23.00 , 9.79 , 3.14 , 9.00 ," 22,554.35 "," 13,399.40 "," 16,352.50 "," 15,297.25 "," 13,794.75 "," 15,461.25 "," 8,731.25 "," 8,875.75 "," 17,953.08 "," 16,550.63 ", 10.02 , 9.50 , 9.70 , 9.77 , 39.00 , 35.00 , 32.00 , 36.00 , 32.33 , 3.66 , 3.56 , 3.47 , 3.45 , 11.00 ," 9,154.95 ","-2,953.10 "," 1,055.25 "," 302,214,757.39 ", 0.80 , 1.34 , 1.10 ," 7,287.27 ","-3,956.69 "," 1,158.54 ", 4.00 , 3.00 ,-4.00 , 0.83 , 0.92 , 1.01 , 3.32 , 2.77 , 9.77 ," 17,507.22 ",398.281,2.22435006
01/10/2024,"Dr. Lane Arrendell, DVM"," 12,598.50 ", 22.00 , 9.44 , 3.09 , 10.00 ," 17,905.50 "," 22,554.35 "," 13,399.40 "," 16,352.50 "," 15,297.25 "," 13,794.75 "," 15,461.25 "," 8,731.25 "," 17,686.12 "," 16,351.25 ", 9.79 , 10.02 , 9.50 , 9.75 , 23.00 , 39.00 , 35.00 , 32.00 , 28.00 , 3.14 , 3.66 , 3.56 , 3.30 , 11.00 ,"-4,648.85 "," 9,154.95 ","-2,953.10 "," 403,846,913.92 ", 0.99 , 0.78 , 1.32 ,"-4,591.89 "," 7,178.90 ","-3,897.85 ",-16.00 , 4.00 , 3.00 , 1.22 , 0.72 , 0.80 ,-19.48 , 2.87 , 9.59 ," 14,610.42 ",-2011.917,-15.96949637
01/12/2024,"Dr. Lane Arrendell, DVM"," 8,274.90 ", 25.00 , 9.02 , 3.22 , 12.00 ," 7,586.40 "," 12,598.50 "," 17,905.50 "," 22,554.35 "," 13,399.40 "," 16,352.50 "," 15,297.25 "," 13,794.75 "," 9,486.60 "," 13,719.84 ", 8.93 , 9.44 , 9.79 , 9.13 , 20.00 , 22.00 , 23.00 , 39.00 , 22.33 , 3.00 , 3.09 , 3.14 , 3.10 , 11.00 ,"-5,012.10 ","-5,307.00 ","-4,648.85 "," 95,577,260.40 ", 1.25 , 0.75 , 0.53 ,"-6,267.50 ","-3,996.14 ","-2,463.03 ",-2.00 ,-1.00 ,-16.00 , 1.12 , 1.02 , 0.97 ,-2.23 ,-1.02 , 9.18 ," 9,668.10 ",-1393.201,-16.83646932
01/11/2024,"Dr. Lane Arrendell, DVM"," 7,586.40 ", 20.00 , 8.93 , 3.00 , 11.00 ," 12,598.50 "," 17,905.50 "," 22,554.35 "," 13,399.40 "," 16,352.50 "," 15,297.25 "," 13,794.75 "," 15,461.25 "," 12,696.80 "," 15,066.11 ", 9.44 , 9.79 , 10.02 , 9.39 , 22.00 , 23.00 , 39.00 , 35.00 , 21.67 , 3.09 , 3.14 , 3.66 , 3.07 , 11.00 ,"-5,307.00 ","-4,648.85 "," 9,154.95 "," 225,582,441.75 ", 1.01 , 0.71 , 0.56 ,"-5,348.41 ","-3,296.50 "," 5,153.71 ",-1.00 ,-16.00 , 4.00 , 0.98 , 0.94 , 0.56 ,-0.98 ,-15.07 , 9.17 ," 9,579.60 ",-1993.197,-26.27329168
01/11/2024,DIXIE VETERINARY HOSPITAL," 2,100.87 ", 2.00 , 7.65 , 0.69 , 11.00 ," 1,851.22 ", 730.94 ," 1,489.56 "," 3,079.10 "," 1,190.75 "," 2,236.50 "," 1,741.75 "," 1,883.75 "," 1,561.01 "," 1,740.41 ", 7.52 , 6.85 , 7.31 , 7.34 , 3.00 , 1.00 , 2.00 , 5.00 , 2.00 , 1.10 , -   , 0.69 , 0.60 , 10.00 ," 1,120.28 ",-758.62 ,"-1,589.54 "," 1,353,130.75 ", 0.84 , 2.14 , 1.05 , 944.66 ,"-1,620.12 ","-1,665.79 ", 2.00 ,-1.00 ,-3.00 , 0.67 , 2.00 , 1.00 , 1.33 ,-2.00 , 7.39 ," 1,622.99 ",477.8845,22.74698101
01/12/2024,DIXIE VETERINARY HOSPITAL," 1,725.42 ", 3.00 , 7.45 , 1.10 , 12.00 ," 2,100.87 "," 1,851.22 ", 730.94 ," 1,489.56 "," 3,079.10 "," 1,190.75 "," 2,236.50 "," 1,741.75 "," 1,892.50 "," 1,829.52 ", 7.65 , 7.52 , 6.85 , 7.54 , 2.00 , 3.00 , 1.00 , 2.00 , 2.67 , 0.69 , 1.10 , -   , 0.96 , 10.00 , 249.65 ," 1,120.28 ",-758.62 ," 3,889,172.56 ", 0.90 , 1.02 , 2.59 , 224.89 ," 1,145.26 ","-1,964.17 ",-1.00 , 2.00 ,-1.00 , 1.33 , 0.89 , 2.67 ,-1.33 , 1.78 , 7.24 ," 1,390.70 ",334.7158,19.39909124
01/09/2024,DIXIE VETERINARY HOSPITAL, 730.94 , 1.00 , 6.85 , -   , 9.00 ," 1,489.56 "," 3,079.10 "," 1,190.75 "," 2,236.50 "," 1,741.75 "," 1,883.75 ", 904.00 , 904.00 ," 1,766.53 "," 1,744.77 ", 7.31 , 8.03 , 7.08 , 7.40 , 2.00 , 5.00 , 2.00 , 3.00 , 2.67 , 0.69 , 1.61 , 0.69 , 0.77 , 10.00 ,"-1,589.54 "," 1,888.35 ","-1,045.75 "," 4,586,504.20 ", 1.19 , 0.57 , 1.48 ,"-1,885.10 "," 1,083.38 ","-1,551.42 ",-3.00 , 3.00 ,-1.00 , 1.33 , 0.53 , 1.33 ,-4.00 , 1.60 , 6.98 ," 1,075.22 ",-344.2814,-47.10118478
01/10/2024,DIXIE VETERINARY HOSPITAL," 1,851.22 ", 3.00 , 7.52 , 1.10 , 10.00 , 730.94 ," 1,489.56 "," 3,079.10 "," 1,190.75 "," 2,236.50 "," 1,741.75 "," 1,883.75 ", 904.00 ," 1,357.24 "," 1,763.01 ", 6.85 , 7.31 , 8.03 , 7.23 , 1.00 , 2.00 , 5.00 , 2.00 , 2.00 , -   , 0.69 , 1.61 , 0.60 , 10.00 ,-758.62 ,"-1,589.54 "," 1,888.35 "," 1,088,778.99 ", 1.86 , 0.91 , 0.44 ,"-1,408.64 ","-1,448.34 ", 832.37 ,-1.00 ,-3.00 , 3.00 , 2.00 , 1.00 , 0.40 ,-2.00 ,-3.00 , 7.91 ," 2,726.73 ",-875.5107,-47.29371442
01/10/2024,CHARLES T STEINMAN," 30,411.00 ", 11.00 , 10.32 , 2.40 , 10.00 ," 35,582.50 "," 22,594.50 "," 45,493.50 "," 19,496.50 "," 35,647.00 "," 27,734.50 "," 26,036.50 "," 12,088.50 "," 29,529.33 "," 31,537.50 ", 10.48 , 10.03 , 10.73 , 10.28 , 14.00 , 12.00 , 18.00 , 9.00 , 12.33 , 2.64 , 2.48 , 2.89 , 2.51 , 9.00 ," 12,988.00 ","-22,899.00 "," 25,997.00 "," 803,968,796.25 ", 0.83 , 1.31 , 0.65 ," 10,778.53 ","-29,927.29 "," 16,874.37 ", 2.00 ,-6.00 , 9.00 , 0.88 , 1.03 , 0.69 , 1.76 ,-6.17 , 10.26 ," 28,654.82 ",1756.184,5.774831475
01/09/2024,CHARLES T STEINMAN," 35,582.50 ", 14.00 , 10.48 , 2.64 , 9.00 ," 22,594.50 "," 45,493.50 "," 19,496.50 "," 35,647.00 "," 27,734.50 "," 26,036.50 "," 12,088.50 "," 18,489.00 "," 34,556.83 "," 31,091.42 ", 10.03 , 10.73 , 9.88 , 10.41 , 12.00 , 18.00 , 9.00 , 13.00 , 14.67 , 2.48 , 2.89 , 2.20 , 2.67 , 9.00 ,"-22,899.00 "," 25,997.00 ","-16,150.50 "," 1,027,902,885.75 ", 1.53 , 0.76 , 1.77 ,"-35,022.55 "," 19,747.30 ","-28,626.17 ",-6.00 , 9.00 ,-4.00 , 1.22 , 0.81 , 1.63 ,-7.33 , 7.33 , 10.47 ," 35,331.84 ",250.656,0.704436169
01/11/2024,CHARLES T STEINMAN," 22,858.50 ", 12.00 , 10.04 , 2.48 , 11.00 ," 30,411.00 "," 35,582.50 "," 22,594.50 "," 45,493.50 "," 19,496.50 "," 35,647.00 "," 27,734.50 "," 26,036.50 "," 29,617.33 "," 29,406.08 ", 10.32 , 10.48 , 10.03 , 10.28 , 11.00 , 14.00 , 12.00 , 18.00 , 12.33 , 2.40 , 2.64 , 2.48 , 2.51 , 9.00 ,"-5,171.50 "," 12,988.00 ","-22,899.00 "," 1,082,099,407.50 ", 0.97 , 0.83 , 1.31 ,"-5,036.53 "," 10,810.65 ","-30,016.48 ",-3.00 , 2.00 ,-6.00 , 1.12 , 0.88 , 1.03 ,-3.36 , 1.76 , 10.19 ," 26,678.52 ",-3820.023,-16.71160837
01/12/2024,CHARLES T STEINMAN," 16,704.00 ", 5.00 , 9.72 , 1.61 , 12.00 ," 22,858.50 "," 30,411.00 "," 35,582.50 "," 22,594.50 "," 45,493.50 "," 19,496.50 "," 35,647.00 "," 27,734.50 "," 23,324.50 "," 28,940.67 ", 10.04 , 10.32 , 10.48 , 10.03 , 12.00 , 11.00 , 14.00 , 12.00 , 9.33 , 2.48 , 2.40 , 2.64 , 2.16 , 9.00 ,"-7,552.50 ","-5,171.50 "," 12,988.00 "," 695,149,843.50 ", 1.02 , 0.77 , 0.66 ,"-7,706.47 ","-3,966.42 "," 8,513.70 ", 1.00 ,-3.00 , 2.00 , 0.78 , 0.85 , 0.67 , 0.78 ,-2.55 , 10.01 ," 22,204.33 ",-5500.326,-32.92819684
01/11/2024,BRINKER VETERINARY HOSPITAL," 2,836.25 ", 3.00 , 7.95 , 1.10 , 11.00 ," 2,501.75 "," 1,606.95 "," 3,662.75 "," 2,986.00 "," 5,315.00 "," 4,120.00 "," 4,378.75 ", 623.25 ," 2,314.98 "," 3,151.45 ", 7.82 , 7.38 , 8.21 , 7.72 , 5.00 , 4.00 , 4.00 , 3.00 , 4.00 , 1.61 , 1.39 , 1.39 , 1.36 , 8.00 , 894.80 ,"-2,055.80 ", 676.75 ," 4,020,187.16 ", 0.93 , 1.44 , 0.63 , 828.00 ,"-2,961.60 ", 427.73 , 1.00 , -   , 1.00 , 0.80 , 1.00 , 1.00 , 0.80 , -   , 7.81 ," 2,470.60 ",365.6467,12.89190657
01/10/2024,BRINKER VETERINARY HOSPITAL," 2,501.75 ", 5.00 , 7.82 , 1.61 , 10.00 ," 1,606.95 "," 3,662.75 "," 2,986.00 "," 5,315.00 "," 4,120.00 "," 4,378.75 ", 623.25 ," 3,789.75 "," 2,590.48 "," 3,365.41 ", 7.38 , 8.21 , 8.00 , 7.80 , 4.00 , 4.00 , 3.00 , 5.00 , 4.33 , 1.39 , 1.39 , 1.10 , 1.46 , 8.00 ,"-2,055.80 ", 676.75 ,"-2,329.00 "," 5,885,856.11 ", 1.61 , 0.71 , 0.87 ,"-3,314.05 ", 478.63 ,"-2,020.51 ", -   , 1.00 ,-2.00 , 1.08 , 1.08 , 1.44 , -   , 1.08 , 7.93 ," 2,780.89 ",-279.136,-11.15762966
01/12/2024,BRINKER VETERINARY HOSPITAL," 1,387.75 ", 2.00 , 7.24 , 0.69 , 12.00 ," 2,836.25 "," 2,501.75 "," 1,606.95 "," 3,662.75 "," 2,986.00 "," 5,315.00 "," 4,120.00 "," 4,378.75 "," 2,241.92 "," 2,496.91 ", 7.95 , 7.82 , 7.38 , 7.67 , 3.00 , 5.00 , 4.00 , 4.00 , 3.33 , 1.10 , 1.61 , 1.39 , 1.13 , 8.00 , 334.50 , 894.80 ,"-2,055.80 "," 7,095,588.44 ", 0.79 , 0.90 , 1.40 , 264.41 , 801.87 ,"-2,868.12 ",-2.00 , 1.00 , -   , 1.11 , 0.67 , 0.83 ,-2.22 , 0.67 , 7.35 ," 1,551.69 ",-163.942,-11.81351108
01/09/2024,BRINKER VETERINARY HOSPITAL," 1,606.95 ", 4.00 , 7.38 , 1.39 , 9.00 ," 3,662.75 "," 2,986.00 "," 5,315.00 "," 4,120.00 "," 4,378.75 ", 623.25 ," 3,789.75 ", 388.50 ," 2,751.90 "," 3,678.24 ", 8.21 , 8.00 , 8.58 , 7.86 , 4.00 , 3.00 , 5.00 , 3.00 , 3.67 , 1.39 , 1.10 , 1.61 , 1.29 , 8.00 , 676.75 ,"-2,329.00 "," 1,195.00 "," 10,936,971.50 ", 0.75 , 0.92 , 0.52 , 508.46 ,"-2,146.41 ", 618.72 , 1.00 ,-2.00 , 2.00 , 0.92 , 1.22 , 0.73 , 0.92 ,-2.44 , 7.62 ," 2,042.69 ",-435.7434,-27.11617661
01/10/2024,BARFIELD ANIMAL HOSPITAL," 16,808.75 ", 43.00 , 9.73 , 3.76 , 10.00 ," 18,815.80 "," 17,359.55 "," 20,483.30 "," 17,599.90 "," 16,478.65 "," 14,838.15 "," 11,798.45 "," 18,876.75 "," 17,661.37 "," 17,924.33 ", 9.84 , 9.76 , 9.93 , 9.78 , 39.00 , 47.00 , 50.00 , 46.00 , 43.00 , 3.66 , 3.85 , 3.91 , 3.76 , 7.00 ," 1,456.25 ","-3,123.75 "," 2,883.40 "," 326,633,820.89 ", 0.94 , 1.02 , 0.86 ," 1,366.90 ","-3,178.06 "," 2,486.16 ",-8.00 ,-3.00 , 4.00 , 1.10 , 0.91 , 0.86 ,-8.82 ,-2.74 , 9.69 ," 16,157.46 ",651.294,3.87473191
01/11/2024,BARFIELD ANIMAL HOSPITAL," 15,644.15 ", 42.00 , 9.66 , 3.74 , 11.00 ," 16,808.75 "," 18,815.80 "," 17,359.55 "," 20,483.30 "," 17,599.90 "," 16,478.65 "," 14,838.15 "," 11,798.45 "," 17,089.57 "," 17,785.24 ", 9.73 , 9.84 , 9.76 , 9.74 , 43.00 , 39.00 , 47.00 , 50.00 , 41.33 , 3.76 , 3.66 , 3.85 , 3.72 , 7.00 ,"-2,007.05 "," 1,456.25 ","-3,123.75 "," 316,270,078.25 ", 1.02 , 0.91 , 0.98 ,"-2,040.58 "," 1,322.65 ","-3,075.17 ", 4.00 ,-8.00 ,-3.00 , 0.96 , 1.06 , 0.88 , 3.84 ,-8.48 , 9.71 ," 16,497.91 ",-853.76,-5.457375441
01/12/2024,BARFIELD ANIMAL HOSPITAL," 11,369.00 ", 27.00 , 9.34 , 3.30 , 12.00 ," 15,644.15 "," 16,808.75 "," 18,815.80 "," 17,359.55 "," 20,483.30 "," 17,599.90 "," 16,478.65 "," 14,838.15 "," 14,607.30 "," 16,746.76 ", 9.66 , 9.73 , 9.84 , 9.58 , 42.00 , 43.00 , 39.00 , 47.00 , 37.33 , 3.74 , 3.76 , 3.66 , 3.60 , 7.00 ,"-1,164.60 ","-2,007.05 "," 1,456.25 "," 262,958,606.31 ", 0.93 , 0.87 , 0.78 ,"-1,087.41 ","-1,744.19 "," 1,130.53 ",-1.00 , 4.00 ,-8.00 , 0.89 , 0.87 , 0.96 ,-0.89 , 3.47 , 9.41 ," 12,188.71 ",-819.706,-7.210009675
01/09/2024,BARFIELD ANIMAL HOSPITAL," 18,815.80 ", 39.00 , 9.84 , 3.66 , 9.00 ," 17,359.55 "," 20,483.30 "," 17,599.90 "," 16,478.65 "," 14,838.15 "," 11,798.45 "," 18,876.75 ", 593.00 ," 18,886.22 "," 17,595.89 ", 9.76 , 9.93 , 9.78 , 9.84 , 47.00 , 50.00 , 46.00 , 49.00 , 45.33 , 3.85 , 3.91 , 3.83 , 3.81 , 7.00 ,"-3,123.75 "," 2,883.40 "," 1,121.25 "," 355,580,870.52 ", 1.09 , 0.92 , 1.07 ,"-3,398.46 "," 2,658.58 "," 1,203.20 ",-3.00 , 4.00 ,-3.00 , 0.96 , 0.91 , 0.99 ,-2.89 , 3.63 , 9.92 ," 20,286.93 ",-1471.132,-7.818599262
01/12/2024,AVENUE VETERINARY CLINIC," 70,690.00 ", 25.00 , 10.88 , 3.22 , 12.00 ," 13,799.25 "," 17,081.00 "," 7,629.00 "," 9,324.25 "," 7,912.00 "," 1,030.00 "," 8,787.00 "," 5,985.00 "," 33,856.75 "," 21,072.58 ", 9.53 , 9.75 , 8.94 , 10.05 , 12.00 , 15.00 , 7.00 , 9.00 , 17.33 , 2.48 , 2.71 , 1.95 , 2.80 , 6.00 ,"-3,281.75 "," 9,452.00 ","-1,695.25 "," 235,704,989.25 ", 2.45 , 1.98 , 4.44 ,"-8,051.84 "," 18,735.09 ","-7,523.35 ",-3.00 , 8.00 ,-2.00 , 1.44 , 1.16 , 2.48 ,-4.33 , 9.24 , 10.67 ," 43,074.10 ",27615.9,39.06620456
01/09/2024,AVENUE VETERINARY CLINIC," 7,629.00 ", 7.00 , 8.94 , 1.95 , 9.00 ," 9,324.25 "," 7,912.00 "," 1,030.00 "," 8,787.00 "," 5,985.00 "," 7,920.00 "," 2,818.50 "," 5,602.50 "," 8,288.42 "," 6,777.88 ", 9.14 , 8.98 , 6.94 , 9.02 , 9.00 , 4.00 , 1.00 , 5.00 , 6.67 , 2.20 , 1.39 , -   , 1.84 , 6.00 ," 1,412.25 "," 6,882.00 ","-7,757.00 "," 73,773,466.00 ", 0.89 , 1.05 , 8.05 ," 1,255.36 "," 7,209.41 ","-62,420.63 ", 5.00 , 3.00 ,-4.00 , 0.74 , 1.67 , 6.67 , 3.70 , 5.00 , 8.83 ," 6,806.01 ",822.995,10.78771792
01/10/2024,AVENUE VETERINARY CLINIC," 17,081.00 ", 15.00 , 9.75 , 2.71 , 10.00 ," 7,629.00 "," 9,324.25 "," 7,912.00 "," 1,030.00 "," 8,787.00 "," 5,985.00 "," 7,920.00 "," 2,818.50 "," 11,344.75 "," 8,627.21 ", 8.94 , 9.14 , 8.98 , 9.28 , 7.00 , 9.00 , 4.00 , 1.00 , 10.33 , 1.95 , 2.20 , 1.39 , 2.28 , 6.00 ,"-1,695.25 "," 1,412.25 "," 6,882.00 "," 71,134,703.25 ", 1.49 , 1.22 , 1.43 ,"-2,520.93 "," 1,718.27 "," 9,867.87 ",-2.00 , 5.00 , 3.00 , 1.48 , 1.15 , 2.58 ,-2.95 , 5.74 , 9.73 ," 16,781.58 ",299.424,1.752965283
01/11/2024,AVENUE VETERINARY CLINIC," 13,799.25 ", 12.00 , 9.53 , 2.48 , 11.00 ," 17,081.00 "," 7,629.00 "," 9,324.25 "," 7,912.00 "," 1,030.00 "," 8,787.00 "," 5,985.00 "," 7,920.00 "," 12,836.42 "," 9,462.58 ", 9.75 , 8.94 , 9.14 , 9.41 , 15.00 , 7.00 , 9.00 , 4.00 , 11.33 , 2.71 , 1.95 , 2.20 , 2.38 , 6.00 ," 9,452.00 ","-1,695.25 "," 1,412.25 "," 130,310,949.00 ", 0.75 , 1.68 , 1.38 ," 7,103.20 ","-2,852.40 "," 1,944.20 ", 8.00 ,-2.00 , 5.00 , 0.76 , 1.62 , 1.26 , 6.04 ,-3.24 , 9.53 ," 13,762.20 ",37.047,0.268471113
01/10/2024,AUMSVILLE ANIMAL CLINIC LLC," 22,474.75 ", 11.00 , 10.02 , 2.40 , 10.00 ," 5,547.00 "," 21,121.50 "," 13,317.50 "," 9,656.00 "," 18,782.25 "," 11,898.50 "," 6,175.10 "," 17,203.75 "," 16,381.08 "," 15,149.83 ", 8.62 , 9.96 , 9.50 , 9.53 , 5.00 , 14.00 , 8.00 , 7.00 , 10.00 , 1.61 , 2.64 , 2.08 , 2.22 , 5.00 ,"-15,574.50 "," 7,804.00 "," 3,661.50 "," 117,160,960.50 ", 2.95 , 0.78 , 1.23 ,"-45,993.72 "," 6,052.50 "," 4,503.80 ",-9.00 , 6.00 , 1.00 , 2.00 , 0.71 , 1.25 ,-18.00 , 4.29 , 9.58 ," 14,472.14 ",8002.608,35.60710575
01/12/2024,AUMSVILLE ANIMAL CLINIC LLC," 16,167.00 ", 10.00 , 9.69 , 2.30 , 12.00 ," 8,911.75 "," 22,474.75 "," 5,547.00 "," 21,121.50 "," 13,317.50 "," 9,656.00 "," 18,782.25 "," 11,898.50 "," 15,851.17 "," 14,589.92 ", 9.10 , 10.02 , 8.62 , 9.60 , 6.00 , 11.00 , 5.00 , 14.00 , 9.00 , 1.79 , 2.40 , 1.61 , 2.16 , 5.00 ,"-13,563.00 "," 16,927.75 ","-15,574.50 "," 200,289,353.31 ", 1.78 , 0.71 , 2.86 ,"-24,124.26 "," 11,938.94 ","-44,505.86 ",-5.00 , 6.00 ,-9.00 , 1.50 , 0.82 , 1.80 ,-7.50 , 4.91 , 9.61 ," 14,969.11 ",1197.895,7.40950702
01/11/2024,AUMSVILLE ANIMAL CLINIC LLC," 8,911.75 ", 6.00 , 9.10 , 1.79 , 11.00 ," 22,474.75 "," 5,547.00 "," 21,121.50 "," 13,317.50 "," 9,656.00 "," 18,782.25 "," 11,898.50 "," 6,175.10 "," 12,311.17 "," 13,504.75 ", 10.02 , 8.62 , 9.96 , 9.25 , 11.00 , 5.00 , 14.00 , 8.00 , 7.33 , 2.40 , 1.61 , 2.64 , 1.93 , 5.00 ," 16,927.75 ","-15,574.50 "," 7,804.00 "," 124,667,438.25 ", 0.55 , 2.22 , 0.58 ," 9,272.64 ","-34,566.48 "," 4,548.75 ", 6.00 ,-9.00 , 6.00 , 0.67 , 1.47 , 0.52 , 4.00 ,-13.20 , 9.18 ," 9,700.89 ",-789.138,-8.855028474
01/09/2024,AUMSVILLE ANIMAL CLINIC LLC," 5,547.00 ", 5.00 , 8.62 , 1.61 , 9.00 ," 21,121.50 "," 13,317.50 "," 9,656.00 "," 18,782.25 "," 11,898.50 "," 6,175.10 "," 17,203.75 "," 2,602.00 "," 13,328.67 "," 13,387.13 ", 9.96 , 9.50 , 9.18 , 9.36 , 14.00 , 8.00 , 7.00 , 11.00 , 9.00 , 2.64 , 2.08 , 1.95 , 2.11 , 5.00 ," 7,804.00 "," 3,661.50 ","-9,126.25 "," 281,285,576.25 ", 0.63 , 1.00 , 1.38 ," 4,924.69 "," 3,664.57 ","-12,597.43 ", 6.00 , 1.00 ,-4.00 , 0.64 , 1.13 , 1.29 , 3.86 , 1.13 , 8.75 ," 6,290.61 ",-743.6064,-13.40555976
01/11/2024,"ATTN: KAY KILLOUGH, LONG ANIMAL HOSPITAL"," 27,335.25 ", 19.00 , 10.22 , 2.94 , 11.00 ," 19,701.75 "," 24,731.25 "," 27,775.25 "," 17,011.25 "," 16,882.25 "," 19,865.75 "," 15,671.00 "," 20,453.75 "," 23,922.75 "," 22,239.50 ", 9.89 , 10.12 , 10.23 , 10.07 , 17.00 , 14.00 , 24.00 , 15.00 , 16.67 , 2.83 , 2.64 , 3.18 , 2.81 , 4.00 ,"-5,029.50 ","-3,044.00 "," 10,764.00 "," 487,248,904.69 ", 1.21 , 0.97 , 0.86 ,"-6,107.04 ","-2,944.49 "," 9,271.00 ", 3.00 ,-10.00 , 9.00 , 0.98 , 1.19 , 0.69 , 2.94 ,-11.90 , 10.16 ," 25,738.44 ",1596.812,5.841585499
01/09/2024,"ATTN: KAY KILLOUGH, LONG ANIMAL HOSPITAL"," 24,731.25 ", 14.00 , 10.12 , 2.64 , 9.00 ," 27,775.25 "," 17,011.25 "," 16,882.25 "," 19,865.75 "," 15,671.00 "," 20,453.75 "," 13,869.25 "," 12,801.50 "," 23,172.58 "," 20,322.79 ", 10.23 , 9.74 , 9.73 , 10.03 , 24.00 , 15.00 , 15.00 , 16.00 , 17.67 , 3.18 , 2.71 , 2.71 , 2.84 , 4.00 ," 10,764.00 ", 129.00 ,"-2,983.50 "," 472,491,721.56 ", 0.83 , 1.36 , 1.37 ," 8,980.29 ", 175.72 ,"-4,095.15 ", 9.00 , -   ,-1.00 , 0.74 , 1.18 , 1.18 , 6.63 , -   , 10.10 ," 24,399.89 ",331.357,1.339831185
01/12/2024,"ATTN: KAY KILLOUGH, LONG ANIMAL HOSPITAL"," 24,092.75 ", 16.00 , 10.09 , 2.77 , 12.00 ," 27,335.25 "," 19,701.75 "," 24,731.25 "," 27,775.25 "," 17,011.25 "," 16,882.25 "," 19,865.75 "," 15,671.00 "," 23,709.92 "," 23,441.25 ", 10.22 , 9.89 , 10.12 , 10.06 , 19.00 , 17.00 , 14.00 , 24.00 , 17.33 , 2.94 , 2.83 , 2.64 , 2.85 , 4.00 ," 7,633.50 ","-5,029.50 ","-3,044.00 "," 538,552,261.69 ", 0.87 , 1.20 , 0.96 ," 6,621.11 ","-6,052.71 ","-2,918.29 ", 2.00 , 3.00 ,-10.00 , 0.91 , 1.02 , 1.24 , 1.82 , 3.06 , 10.08 ," 23,826.01 ",266.74,1.107138039
01/10/2024,"ATTN: KAY KILLOUGH, LONG ANIMAL HOSPITAL"," 19,701.75 ", 17.00 , 9.89 , 2.83 , 10.00 ," 24,731.25 "," 27,775.25 "," 17,011.25 "," 16,882.25 "," 19,865.75 "," 15,671.00 "," 20,453.75 "," 13,869.25 "," 24,069.42 "," 20,994.58 ", 10.12 , 10.23 , 9.74 , 10.08 , 14.00 , 24.00 , 15.00 , 15.00 , 18.33 , 2.64 , 3.18 , 2.71 , 2.88 , 4.00 ,"-3,044.00 "," 10,764.00 ", 129.00 ," 686,916,651.56 ", 0.97 , 0.87 , 1.41 ,"-2,962.54 "," 9,327.84 ", 182.52 ,-10.00 , 9.00 , -   , 1.31 , 0.76 , 1.22 ,-13.10 , 6.88 , 10.04 ," 23,000.21 ",-3298.46,-16.74196455
01/11/2024,ASH VETERINARY CLINIC," 1,798.25 ", 4.00 , 7.49 , 1.39 , 11.00 ," 2,267.75 "," 1,281.00 "," 2,915.25 "," 1,829.50 "," 3,662.75 ", 932.75 ," 3,587.00 "," 3,221.50 "," 1,782.33 "," 2,292.42 ", 7.73 , 7.16 , 7.98 , 7.46 , 5.00 , 3.00 , 4.00 , 2.00 , 4.00 , 1.61 , 1.10 , 1.39 , 1.36 , 3.00 , 986.75 ,"-1,634.25 "," 1,085.75 "," 2,904,987.75 ", 0.79 , 1.39 , 0.61 , 775.53 ,"-2,273.83 ", 663.81 , 2.00 ,-1.00 , 2.00 , 0.80 , 1.33 , 1.00 , 1.60 ,-1.33 , 7.21 ," 1,353.73 ",444.5201,24.71959405
01/12/2024,ASH VETERINARY CLINIC," 1,728.50 ", 2.00 , 7.46 , 0.69 , 12.00 ," 1,798.25 "," 2,267.75 "," 1,281.00 "," 2,915.25 "," 1,829.50 "," 3,662.75 ", 932.75 ," 3,587.00 "," 1,931.50 "," 1,970.04 ", 7.49 , 7.73 , 7.16 , 7.56 , 4.00 , 5.00 , 3.00 , 4.00 , 3.67 , 1.39 , 1.61 , 1.10 , 1.23 , 3.00 ,-469.50 , 986.75 ,"-1,634.25 "," 4,077,981.44 ", 1.07 , 0.85 , 1.51 ,-504.29 , 840.44 ,"-2,464.13 ",-1.00 , 2.00 ,-1.00 , 0.92 , 0.73 , 1.22 ,-0.92 , 1.47 , 7.24 ," 1,400.86 ",327.644,18.95539485
01/10/2024,ASH VETERINARY CLINIC," 2,267.75 ", 5.00 , 7.73 , 1.61 , 10.00 ," 1,281.00 "," 2,915.25 "," 1,829.50 "," 3,662.75 ", 932.75 ," 3,587.00 "," 3,221.50 ", 458.50 ," 2,154.67 "," 2,148.17 ", 7.16 , 7.98 , 7.51 , 7.62 , 3.00 , 4.00 , 2.00 , 4.00 , 4.00 , 1.10 , 1.39 , 0.69 , 1.36 , 3.00 ,"-1,634.25 "," 1,085.75 ","-1,833.25 "," 3,734,435.25 ", 1.68 , 0.74 , 1.18 ,"-2,748.84 ", 802.48 ,"-2,159.08 ",-1.00 , 2.00 ,-2.00 , 1.33 , 1.00 , 2.00 ,-1.33 , 2.00 , 7.64 ," 2,073.62 ",194.1282,8.56038805
01/09/2024,ASH VETERINARY CLINIC," 1,281.00 ", 3.00 , 7.16 , 1.10 , 9.00 ," 2,915.25 "," 1,829.50 "," 3,662.75 ", 932.75 ," 3,587.00 "," 3,221.50 ", 458.50 ," 2,451.75 "," 2,008.58 "," 2,368.04 ", 7.98 , 7.51 , 8.21 , 7.55 , 4.00 , 2.00 , 4.00 , 2.00 , 3.00 , 1.39 , 0.69 , 1.39 , 1.06 , 3.00 ," 1,085.75 ","-1,833.25 "," 2,730.00 "," 5,333,449.88 ", 0.69 , 1.10 , 0.55 , 748.07 ,"-2,012.70 "," 1,497.08 ", 2.00 ,-2.00 , 2.00 , 0.75 , 1.50 , 0.75 , 1.50 ,-3.00 , 7.13 ," 1,250.61 ",30.3936,2.37264637
01/10/2024,ARK VETERINARY HOSPITAL LLC," 2,593.75 ", 8.00 , 7.86 , 2.08 , 10.00 ," 1,293.50 ", 970.50 ," 1,219.00 "," 2,787.25 ", 730.25 , 758.50 , 726.75 ," 1,512.50 "," 1,619.25 "," 1,599.04 ", 7.17 , 6.88 , 7.11 , 7.30 , 6.00 , 3.00 , 3.00 , 18.00 , 5.67 , 1.79 , 1.10 , 1.10 , 1.66 , 2.00 , 323.00 ,-248.50 ,"-1,568.25 "," 1,255,341.75 ", 1.25 , 1.67 , 1.33 , 404.34 ,-414.61 ,"-2,083.17 ", 3.00 , -   ,-15.00 , 0.94 , 1.89 , 1.89 , 2.83 , -   , 7.45 ," 1,713.38 ",880.3749,33.94216482
01/09/2024,ARK VETERINARY HOSPITAL LLC," 1,293.50 ", 6.00 , 7.17 , 1.79 , 9.00 , 970.50 ," 1,219.00 "," 2,787.25 ", 730.25 , 758.50 , 726.75 ," 1,512.50 ", 677.75 ," 1,161.00 "," 1,293.17 ", 6.88 , 7.11 , 7.93 , 7.05 , 3.00 , 3.00 , 18.00 , 3.00 , 4.00 , 1.10 , 1.10 , 2.89 , 1.33 , 2.00 ,-248.50 ,"-1,568.25 "," 2,057.00 "," 1,183,039.50 ", 1.20 , 0.95 , 0.42 ,-297.28 ,"-1,493.63 ", 856.82 , -   ,-15.00 , 15.00 , 1.33 , 1.33 , 0.22 , -   ,-20.00 , 7.26 ," 1,425.62 ",-132.1233,-10.21440278
01/12/2024,ARK VETERINARY HOSPITAL LLC," 1,844.50 ", 8.00 , 7.52 , 2.08 , 12.00 , 275.50 ," 2,593.75 "," 1,293.50 ", 970.50 ," 1,219.00 "," 2,787.25 ", 730.25 , 758.50 ," 1,571.25 "," 1,366.13 ", 6.85 , 7.86 , 7.17 , 7.41 , 1.00 , 8.00 , 6.00 , 3.00 , 5.67 , -   , 2.08 , 1.79 , 1.39 , 2.00 ,"-2,318.25 "," 1,300.25 ", 323.00 ," 714,578.13 ", 5.70 , 0.61 , 1.21 ,"-13,221.60 ", 787.67 , 392.36 ,-7.00 , 2.00 , 3.00 , 5.67 , 0.71 , 0.94 ,-39.67 , 1.42 , 7.80 ," 2,441.24 ",-596.7415,-32.35248035
01/11/2024,ARK VETERINARY HOSPITAL LLC, 275.50 , 1.00 , 6.85 , -   , 11.00 ," 2,593.75 "," 1,293.50 ", 970.50 ," 1,219.00 "," 2,787.25 ", 730.25 , 758.50 , 726.75 ," 1,387.58 "," 1,523.25 ", 7.86 , 7.17 , 6.88 , 7.29 , 8.00 , 6.00 , 3.00 , 3.00 , 5.00 , 2.08 , 1.79 , 1.10 , 1.29 , 2.00 ," 1,300.25 ", 323.00 ,-248.50 ," 3,355,015.63 ", 0.53 , 1.07 , 1.43 , 695.60 , 346.49 ,-355.30 , 2.00 , 3.00 , -   , 0.63 , 0.83 , 1.67 , 1.25 , 2.50 , 6.75 , 852.09 ,-576.594,-209.2900181
01/12/2024,ALL CREATURES VETERINARY CLINIC," 27,558.30 ", 30.00 , 10.22 , 3.40 , 12.00 ," 29,674.70 "," 33,521.85 "," 32,583.60 "," 38,530.80 "," 42,869.85 "," 32,178.55 "," 27,383.50 "," 40,346.25 "," 30,251.62 "," 34,123.18 ", 10.30 , 10.42 , 10.39 , 10.31 , 39.00 , 47.00 , 40.00 , 41.00 , 38.67 , 3.66 , 3.85 , 3.69 , 3.64 , 1.00 ,"-3,847.15 ", 938.25 ,"-5,947.20 "," 994,750,842.19 ", 1.02 , 0.90 , 0.93 ,"-3,921.94 ", 846.72 ,"-5,521.56 ",-8.00 , 7.00 ,-1.00 , 0.99 , 0.82 , 0.97 ,-7.93 , 5.76 , 10.23 ," 27,646.46 ",-88.159,-0.319899994
01/10/2024,ALL CREATURES VETERINARY CLINIC," 33,521.85 ", 47.00 , 10.42 , 3.85 , 10.00 ," 32,583.60 "," 38,530.80 "," 42,869.85 "," 32,178.55 "," 27,383.50 "," 40,346.25 "," 38,035.50 "," 10,988.50 "," 34,878.75 "," 34,511.36 ", 10.39 , 10.56 , 10.67 , 10.46 , 40.00 , 41.00 , 42.00 , 32.00 , 42.67 , 3.69 , 3.71 , 3.74 , 3.75 , 1.00 ,"-5,947.20 ","-4,339.05 "," 10,691.30 "," 1,255,472,174.88 ", 1.07 , 0.91 , 0.81 ,"-6,366.11 ","-3,927.78 "," 8,698.40 ",-1.00 ,-1.00 , 10.00 , 1.07 , 1.04 , 1.02 ,-1.07 ,-1.04 , 10.44 ," 34,217.67 ",-695.82,-2.075720761
01/11/2024,ALL CREATURES VETERINARY CLINIC," 29,674.70 ", 39.00 , 10.30 , 3.66 , 11.00 ," 33,521.85 "," 32,583.60 "," 38,530.80 "," 42,869.85 "," 32,178.55 "," 27,383.50 "," 40,346.25 "," 38,035.50 "," 31,926.72 "," 34,893.23 ", 10.42 , 10.39 , 10.56 , 10.37 , 47.00 , 40.00 , 41.00 , 42.00 , 42.00 , 3.85 , 3.69 , 3.71 , 3.73 , 1.00 , 938.25 ,"-5,947.20 ","-4,339.05 "," 1,092,262,551.66 ", 0.95 , 0.98 , 0.83 , 893.60 ,"-5,827.30 ","-3,595.35 ", 7.00 ,-1.00 ,-1.00 , 0.89 , 1.05 , 1.02 , 6.26 ,-1.05 , 10.33 ," 30,546.24 ",-871.538,-2.936973247
01/09/2024,ALL CREATURES VETERINARY CLINIC," 32,583.60 ", 40.00 , 10.39 , 3.69 , 9.00 ," 38,530.80 "," 42,869.85 "," 32,178.55 "," 27,383.50 "," 40,346.25 "," 38,035.50 "," 10,988.50 "," 1,000.50 "," 37,994.75 "," 35,648.76 ", 10.56 , 10.67 , 10.38 , 10.54 , 41.00 , 42.00 , 32.00 , 41.00 , 41.00 , 3.71 , 3.74 , 3.47 , 3.71 , 1.00 ,"-4,339.05 "," 10,691.30 "," 4,795.05 "," 1,651,809,616.38 ", 0.99 , 0.89 , 1.18 ,"-4,278.68 "," 9,475.50 "," 5,661.74 ",-1.00 , 10.00 ,-9.00 , 1.00 , 0.98 , 1.28 ,-1.00 , 9.76 , 10.43 ," 33,961.29 ",-1377.693,-4.228179207
01/10/2024,AFFORD A CARE PET HOSPITAL," 28,012.45 ", 17.00 , 10.24 , 2.83 , 10.00 ," 15,151.50 "," 24,805.00 "," 30,001.00 "," 15,422.25 "," 18,980.75 "," 13,765.00 "," 38,310.00 "," 25,199.25 "," 22,656.32 "," 22,062.16 ", 9.63 , 10.12 , 10.31 , 10.00 , 14.00 , 17.00 , 17.00 , 11.00 , 16.00 , 2.64 , 2.83 , 2.83 , 2.77 , -   ,"-9,653.50 ","-5,196.00 "," 14,578.75 "," 375,832,957.50 ", 1.50 , 0.91 , 0.76 ,"-14,435.06 ","-4,745.91 "," 11,009.66 ",-3.00 , -   , 6.00 , 1.14 , 0.94 , 0.94 ,-3.43 , -   , 10.21 ," 27,134.88 ",877.57,3.132785601
01/11/2024,AFFORD A CARE PET HOSPITAL," 7,838.25 ", 8.00 , 8.97 , 2.08 , 11.00 ," 28,012.45 "," 15,151.50 "," 24,805.00 "," 30,001.00 "," 15,422.25 "," 18,980.75 "," 13,765.00 "," 38,310.00 "," 17,000.73 "," 20,205.08 ", 10.24 , 9.63 , 10.12 , 9.61 , 17.00 , 14.00 , 17.00 , 17.00 , 13.00 , 2.83 , 2.64 , 2.83 , 2.52 , -   ," 12,860.95 ","-9,653.50 ","-5,196.00 "," 424,430,636.18 ", 0.61 , 1.12 , 0.69 ," 7,805.30 ","-10,831.71 ","-3,561.21 ", 3.00 ,-3.00 , -   , 0.76 , 0.93 , 0.76 , 2.29 ,-2.79 , 9.25 ," 10,443.25 ",-2604.996,-33.23440819
01/09/2024,AFFORD A CARE PET HOSPITAL," 15,151.50 ", 14.00 , 9.63 , 2.64 , 9.00 ," 24,805.00 "," 30,001.00 "," 15,422.25 "," 18,980.75 "," 13,765.00 "," 38,310.00 "," 25,199.25 "," 23,014.00 "," 23,319.17 "," 19,687.58 ", 10.12 , 10.31 , 9.64 , 10.02 , 17.00 , 17.00 , 11.00 , 14.00 , 16.00 , 2.83 , 2.83 , 2.40 , 2.77 , -   ,"-5,196.00 "," 14,578.75 ","-3,558.50 "," 744,174,805.00 ", 0.94 , 0.78 , 1.51 ,"-4,884.76 "," 11,331.77 ","-5,380.62 ", -   , 6.00 ,-3.00 , 0.94 , 0.94 , 1.45 , -   , 5.65 , 10.01 ," 22,341.03 ",-7189.53,-47.45094545
01/12/2024,AFFORD A CARE PET HOSPITAL," 6,300.25 ", 5.00 , 8.75 , 1.61 , 12.00 ," 7,838.25 "," 28,012.45 "," 15,151.50 "," 24,805.00 "," 30,001.00 "," 15,422.25 "," 18,980.75 "," 13,765.00 "," 14,050.32 "," 18,684.74 ", 8.97 , 10.24 , 9.63 , 9.32 , 8.00 , 17.00 , 14.00 , 17.00 , 10.00 , 2.08 , 2.83 , 2.64 , 2.17 , -   ,"-20,174.20 "," 12,860.95 ","-9,653.50 "," 219,568,586.21 ", 1.79 , 0.50 , 0.93 ,"-36,162.91 "," 6,450.72 ","-8,951.90 ",-9.00 , 3.00 ,-3.00 , 1.25 , 0.59 , 0.71 ,-11.25 , 1.76 , 9.18 ," 9,701.41 ",-3401.164,-53.98458791
,," 3,541,395.20 "," 3,270.00 "," 1,497.93 ", 399.35 ," 1,680.00 "," 4,070,073.91 "," 4,455,523.98 "," 4,757,048.72 "," 5,170,863.76 "," 4,641,894.45 "," 4,275,928.24 "," 4,240,661.14 "," 3,077,986.68 "," 4,022,331.03 "," 4,439,466.67 "," 1,501.59 "," 1,513.88 "," 1,510.70 "," 1,504.47 "," 3,441.00 "," 3,602.00 "," 3,640.00 "," 3,735.00 "," 3,437.67 ", 406.10 , 415.40 , 411.75 , 406.95 ," 3,120.00 ","-385,450.07 ","-301,524.74 ","-413,815.04 "," 200,665,382,005.98 ", 329.67 , 204.05 , 400.50 ,"-20,481,328.38 ","-3,792,507.45 ","-107,956,564.34 ",-161.00 ,-38.00 ,-95.00 , 186.70 , 172.26 , 200.04 ,-638.37 ,-750.11 ," 1,506.06 "," 2,923,313.70 "," 618,081.50 ", 17.45 
