month,customer,sales,no_of_products,sales_log,nop_log,month_no,sales_lag_1,sales_lag_2,sales_lag_3,sales_lag_4,sales_lag_5,sales_lag_rolling_mean_3,sales_lag_rolling_mean_6,sales_log_lag_1,sales_log_lag_2,sales_log_lag_3,sales_log_lag_rolling_mean_3,nop_lag_1,nop_lag_2,nop_lag_3,nop_lag_4,nop_lag_rolling_mean_3,nop_log_lag_1,nop_log_lag_2,nop_log_lag_3,nop_log_lag_rolling_mean_3,customer_encoded,sales_momentum_1,sales_momentum_2,sales_momentum_3,sales_lag_1_sales_lag_2_correlation,trend_ratio_1,trend_ratio_2,trend_ratio_3,trend_ratio_1_sales_momentum_1_correlation,trend_ratio_2_sales_momentum_2_correlation,trend_ratio_3_sales_momentum_3_correlation,nop_momentum_1,nop_momentum_2,nop_momentum_3,nop_ratio_1,nop_ratio_2,nop_ratio_3,nop_ratio_1_nop_momentum_1_correlation,nop_ratio_2_nop_momentum_2_correlation,sales_log_prediction,sales_prediction,Difference,Error%
01/09/2024,AFFORD A CARE PET HOSPITAL,15151.5,14,9.625854815937348,2.6390573296152584,9,24805,30001,15422.25,18980.75,13765,23319.166666666668,19687.583333333332,10.11880052473515,10.308985993422082,9.643566550869737,10.017880444698195,17,17,11,14,16,2.833213344056216,2.833213344056216,2.3978952727983707,2.768494672575897,0,-5196,14578.75,-3558.5,744174805,0.9400994423167373,0.7772796462340145,1.5120469883879892,-4884.756702,11331.76564253414,-5380.619208,0,6,-3,0.9411764705882353,0.9411764705882353,1.4545454545454546,0,5.647058823529411,9.780668,17688.47,-2536.97,-16.74401874
01/10/2024,AFFORD A CARE PET HOSPITAL,28012.45,17,10.240404333190142,2.833213344056216,10,15151.5,24805,30001,15422.25,18980.75,22656.316666666666,22062.158333333336,9.625854815937348,10.11880052473515,10.308985993422082,9.995019891287546,14,17,17,11,16,2.6390573296152584,2.833213344056216,2.833213344056216,2.768494672575897,0,-9653.5,-5196,14578.75,375832957.5,1.4953183953183953,0.9133770073237922,0.7551853827094652,-14435.05613,-4745.90693,11009.658898175616,-3,0,6,1.1428571428571428,0.9411764705882353,0.9411764705882353,-3.428571429,0,10.16392,25949.83,2062.62,7.363225994
01/11/2024,AFFORD A CARE PET HOSPITAL,7838.25,8,8.966770874142723,2.0794415416798357,11,28012.45,15151.5,24805,30001,15422.25,17000.733333333334,20205.075,10.240404333190142,9.625854815937348,10.11880052473515,9.611010007756738,17,14,17,17,13,2.833213344056216,2.6390573296152584,2.833213344056216,2.5172374051171036,0,12860.95,-9653.5,-5196,424430636.2,0.6068991942273286,1.1220495220495221,0.68537526,7805.300191997962,-10831.70506,-3561.209853,3,-3,0,0.7647058823529411,0.9285714285714286,0.7647058823529411,2.2941176470588234,-2.785714286,9.247855,10382.274,-2544.024,-32.45653048
01/12/2024,AFFORD A CARE PET HOSPITAL,6300.25,5,8.748344594131975,1.6094379124341003,12,7838.25,28012.45,15151.5,24805,30001,14050.316666666666,18684.741666666665,8.966770874142723,10.240404333190142,9.625854815937348,9.318506600488279,8,17,14,17,10,2.0794415416798357,2.833213344056216,2.6390573296152584,2.174030932723384,0,-20174.2,12860.95,-9653.5,219568586.2,1.7925323467185488,0.5015740025119783,0.9273218273218272,-36162.90607,6450.718167606427,-8951.90126,-9,3,-3,1.25,0.5882352941176471,0.7142857142857143,-11.25,1.7647058823529411,9.479484,13088.426,-6788.176,-107.7445498
01/09/2024,ALL CREATURES VETERINARY CLINIC,32583.6,40,10.391564373289235,3.6888794541139363,9,38530.8,42869.85,32178.55,27383.5,40346.25,37994.75,35648.75833333333,10.55921320044644,10.665924060635586,10.379055360488302,10.53890054479042,41,42,32,41,41,3.713572066704308,3.7376696182833684,3.4657359027997265,3.713373713033871,1,-4339.05,10691.3,4795.049999999999,1651809616,0.986087753,0.8862813842362407,1.180747734127237,-4278.684065,9475.500163,5661.744422526807,-1,10,-9,1,0.9761904761904762,1.28125,-1,9.761904761904761,10.590448,39753.312,-7169.712,-22.00405112
01/10/2024,ALL CREATURES VETERINARY CLINIC,33521.85,47,10.419952744003844,3.8501476017100584,10,32583.6,38530.8,42869.85,32178.55,27383.5,34878.75,34511.35833333333,10.391564373289235,10.55921320044644,10.665924060635586,10.456910105913174,40,41,42,32,42.666666666666664,3.6888794541139363,3.713572066704308,3.7376696182833684,3.7508663741761006,1,-5947.2,-4339.05,10691.3,1255472175,1.0704388097079514,0.9052173845339312,0.8135962687063286,-6366.113689,-3927.783492,8698.401788,-1,-1,10,1.0666666666666667,1.040650406504065,1.0158730158730158,-1.066666667,-1.040650407,10.353126,31354.893,2166.957,6.464312083
01/11/2024,ALL CREATURES VETERINARY CLINIC,29674.7,39,10.298050109906969,3.6635616461296463,11,33521.85,32583.6,38530.8,42869.85,32178.55,31926.716666666664,34893.225,10.419952744003844,10.391564373289235,10.55921320044644,10.369855742400015,47,40,41,42,42,3.8501476017100584,3.6888794541139363,3.713572066704308,3.7341962339845467,1,938.25,-5947.2,-4339.05,1092262551.6599998,0.9524151163097104,0.979840063,0.8286024859765866,893.6034828775859,-5827.304821,-3595.347617,7,-1,-1,0.8936170212765957,1.05,1.024390243902439,6.255319149,-1.05,10.37493,32046.086,-2371.386,-7.991272026
01/12/2024,ALL CREATURES VETERINARY CLINIC,27558.3,30,10.224059039625663,3.4011973816621555,12,29674.7,33521.85,32583.6,38530.8,42869.85,30251.61666666667,34123.183333333334,10.298050109906969,10.419952744003844,10.391564373289235,10.314020631178826,39,47,40,41,38.666666666666664,3.6635616461296463,3.8501476017100584,3.6888794541139363,3.6383022098339537,1,-3847.15,938.25,-5947.2,994750842.1949999,1.0194413647540386,0.9024447238641862,0.9284307647610046,-3921.943846,846.7187621655727,-5521.563444,-8,7,-1,0.9914529914529914,0.8226950354609929,0.9666666666666666,-7.931623932,5.758865248,10.36654,31778.33,-4220.03,-15.31309986
01/09/2024,ARK VETERINARY HOSPITAL LLC,1293.5,6,7.165107001626084,1.791759469228055,9,970.5,1219,2787.25,730.25,758.5,1161,1293.1666666666667,6.877811402609065,7.105786129481271,7.9328107256476805,7.049568177905473,3,3,18,3,4,1.0986122886681098,1.0986122886681098,2.8903717578961645,1.3296613488547582,2,-248.5,-1568.25,2057,1183039.5,1.196290572,0.9524200164068909,0.4165395999641223,-297.2782071,-1493.632691,856.8219571261997,0,-15,15,1.3333333333333333,1.3333333333333333,0.2222222222222222,0,-20,7.529237,1861.6841,-568.1841,-43.92609973
01/10/2024,ARK VETERINARY HOSPITAL LLC,2593.75,8,7.860859983979008,2.0794415416798357,10,1293.5,970.5,1219,2787.25,730.25,1619.25,1599.0416666666667,7.165107001626084,6.877811402609065,7.105786129481271,7.301259462738052,6,3,3,18,5.666666666666667,1.791759469228055,1.0986122886681098,1.0986122886681098,1.656604433,2,323,-248.5,-1568.25,1255341.75,1.2518361035948975,1.6684698608964452,1.3283429040196884,404.3430614611519,-414.6147604,-2083.173759,3,0,-15,0.9444444444444445,1.888888888888889,1.888888888888889,2.8333333333333335,0,7.570048,1939.2332,654.5168,25.23438265
01/11/2024,ARK VETERINARY HOSPITAL LLC,275.5,1,6.693194838053772,0,11,2593.75,1293.5,970.5,1219,2787.25,1387.5833333333333,1523.25,7.860859983979008,7.165107001626084,6.877811402609065,7.239720607886288,8,6,3,3,5,2.0794415416798357,1.791759469228055,1.0986122886681098,1.290400336969297,2,1300.25,323,-248.5,3355015.625,0.5349718875502008,1.0727354722329596,1.429761291430534,695.5971967871485,346.4935575,-355.2956809,2,3,0,0.625,0.8333333333333334,1.6666666666666667,1.25,2.5,6.7146864,824.4252,-548.9252,-199.2468966
01/12/2024,ARK VETERINARY HOSPITAL LLC,1844.5,8,7.5199635170367305,2.0794415416798357,12,275.5,2593.75,1293.5,970.5,1219,1571.25,1366.125,6.693194838053772,7.860859983979008,7.165107001626084,7.358006113,1,8,6,3,5.666666666666667,0,2.0794415416798357,1.791759469228055,1.3862943611198906,2,-2318.25,1300.25,323,714578.125,5.703266787658802,0.6057831325301205,1.2147274835717046,-13221.59823,787.6695180722892,392.35697719366055,-7,2,3,5.666666666666667,0.7083333333333334,0.9444444444444445,-39.66666667,1.4166666666666667,6.9084773,1000.7223,843.7777,45.74560586
01/09/2024,ASH VETERINARY CLINIC,1281,3,7.155396301896734,1.0986122886681098,9,2915.25,1829.5,3662.75,932.75,3587,2008.5833333333333,2368.0416666666665,7.977710858400442,7.511797984459261,8.205969510381422,7.548301714918812,4,2,4,2,3,1.3862943611198906,0.6931471805599453,1.3862943611198906,1.0593512767826485,3,1085.75,-1833.25,2730,5333449.875,0.6889917960152073,1.0978864899334972,0.5483812253998589,748.0728425235113,-2012.700408,1497.0807453416148,2,-2,2,0.75,1.5,0.75,1.5,-3,7.330668,1526.401,-245.401,-19.15698673
01/10/2024,ASH VETERINARY CLINIC,2267.75,5,7.726543429495053,1.6094379124341003,10,1281,2915.25,1829.5,3662.75,932.75,2154.6666666666665,2148.1666666666665,7.155396301896734,7.977710858400442,7.511797984459261,7.6198835299307435,3,4,2,4,4,1.0986122886681098,1.3862943611198906,0.6931471805599453,1.3647815207407001,3,-1634.25,1085.75,-1833.25,3734435.25,1.6820192557897475,0.7391018494697424,1.177735264644256,-2748.839969,802.4798330617729,-2159.083174,-1,2,-2,1.3333333333333333,1,2,-1.333333333,2,7.8919396,2675.6287,-407.8787,-17.98605225
01/11/2024,ASH VETERINARY CLINIC,1798.25,4,7.4945692487474656,1.3862943611198906,11,2267.75,1281,2915.25,1829.5,3662.75,1782.3333333333333,2292.4166666666665,7.726543429495053,7.155396301896734,7.977710858400442,7.458836326713084,5,3,4,2,4,1.6094379124341003,1.0986122886681098,1.3862943611198906,1.3647815207407001,3,986.75,-1634.25,1085.75,2904987.75,0.7859478925513541,1.3913609159510798,0.6113826715833405,775.5340829750487,-2273.831577,663.8087356716119,2,-1,2,0.8,1.3333333333333333,1,1.6,-1.333333333,7.314612,1502.0886,296.1614,16.46942305
01/12/2024,ASH VETERINARY CLINIC,1728.5,2,7.455009259361679,0.6931471805599453,12,1798.25,2267.75,1281,2915.25,1829.5,1931.5,1970.0416666666667,7.4945692487474656,7.726543429495053,7.155396301896734,7.558707312534732,4,5,3,4,3.6666666666666665,1.3862943611198906,1.6094379124341003,1.0986122886681098,1.2296264847046452,3,-469.5,986.75,-1634.25,4077981.438,1.0740998192687334,0.8517252783596075,1.5078064012490242,-504.2898651,840.4399184213428,-2464.132611,-1,2,-1,0.9166666666666666,0.7333333333333333,1.222222222222222,-0.916666667,1.4666666666666666,7.705628,2220.8113,-492.3113,-28.48199595
01/09/2024,"ATTN: KAY KILLOUGH, LONG ANIMAL HOSPITAL",24731.25,14,10.115822905133735,2.6390573296152584,9,27775.25,17011.25,16882.25,19865.75,15671,23172.583333333332,20322.791666666668,10.231900615367413,9.741630168874527,9.734018053105975,10.029784563125226,24,15,15,16,17.666666666666668,3.1780538303479458,2.708050201,2.708050201,2.8417204536884717,4,10764,129,-2983.5,472491721.6,0.8342889202917465,1.3621916868738824,1.3726004136494443,8980.285938020359,175.7227276067308,-4095.153334,9,0,-1,0.7361111111111112,1.1777777777777778,1.1777777777777778,6.625,0,9.976014,21504.43,3226.82,13.04754107
01/10/2024,"ATTN: KAY KILLOUGH, LONG ANIMAL HOSPITAL",19701.75,17,9.888462743268018,2.833213344056216,10,24731.25,27775.25,17011.25,16882.25,19865.75,24069.416666666668,20994.583333333332,10.115822905133735,10.231900615367413,9.741630168874527,10.07872875458972,14,24,15,15,18.333333333333332,2.6390573296152584,3.1780538303479458,2.708050201,2.8834415013398065,4,-3044,10764,129,686916651.6,0.9732389857636257,0.8665778585851313,1.4149117005902958,-2962.539473,9327.844069810353,182.52360937614816,-10,9,0,1.3095238095238095,0.7638888888888888,1.222222222222222,-13.0952381,6.875,9.980191,21594.443,-1892.693,-9.606725291
01/11/2024,"ATTN: KAY KILLOUGH, LONG ANIMAL HOSPITAL",27335.25,19,10.21593235707107,2.9444389791664403,11,19701.75,24731.25,27775.25,17011.25,16882.25,23922.75,22239.5,9.888462743268018,10.115822905133735,10.231900615367413,10.073406001824274,17,14,24,15,16.666666666666668,2.833213344056216,2.6390573296152584,3.1780538303479458,2.8055698842793046,4,-5029.5,-3044,10764,487248904.7,1.2142449274810614,0.9673085670962851,0.8612973780614036,-6107.044863,-2944.487278,9271.004977452949,3,-10,9,0.9803921568627452,1.1904761904761905,0.6944444444444445,2.9411764705882355,-11.9047619,10.209662,27164.396,170.854,0.625031781
01/12/2024,"ATTN: KAY KILLOUGH, LONG ANIMAL HOSPITAL",24092.75,16,10.089666244344844,2.772588722239781,12,27335.25,19701.75,24731.25,27775.25,17011.25,23709.916666666668,23441.25,10.21593235707107,9.888462743268018,10.115822905133735,10.064687114894644,19,17,14,24,17.333333333333332,2.9444389791664403,2.833213344056216,2.6390573296152584,2.850080348487479,4,7633.5,-5029.5,-3044,538552261.7,0.8673751535715484,1.2034421646131266,0.9587027209165193,6621.108234788415,-6052.712367,-2918.291082,2,3,-10,0.9122807017543859,1.0196078431372548,1.238095238095238,1.8245614035087718,3.0588235294117645,9.956289,21084.412,3008.338,12.4864866
01/09/2024,AUMSVILLE ANIMAL CLINIC LLC,5547,5,8.621012520055235,1.6094379124341003,9,21121.5,13317.5,9656,18782.25,11898.5,13328.666666666666,13387.125,9.958046758025477,9.496834238791154,9.175334762777368,9.358631172290622,14,8,7,11,9,2.6390573296152584,2.0794415416798357,1.9459101490553132,2.109312261243065,5,7804,3661.5,-9126.25,281285576.3,0.6310473530131224,1.000838496,1.3803507318420325,4924.693542914408,3664.5701520555663,-12597.42587,6,1,-4,0.6428571428571429,1.125,1.2857142857142858,3.8571428571428577,1.125,8.8105345,6704.5015,-1157.5015,-20.86716243
01/10/2024,AUMSVILLE ANIMAL CLINIC LLC,22474.75,11,10.020147735807432,2.3978952727983707,10,5547,21121.5,13317.5,9656,18782.25,16381.083333333334,15149.833333333334,8.621012520055235,9.958046758025477,9.496834238791154,9.533069005,5,14,8,7,10,1.6094379124341003,2.6390573296152584,2.0794415416798357,2.2154635049492435,5,-15574.5,7804,3661.5,117160960.5,2.9531428399735593,0.7755643933117125,1.230041924785683,-45993.72316,6052.504525404604,4503.798507602779,-9,6,1,2,0.7142857142857143,1.25,-18,4.285714285714286,9.836016,18695.08,3779.67,16.8174062
01/11/2024,AUMSVILLE ANIMAL CLINIC LLC,8911.75,6,9.095125909708967,1.791759469228055,11,22474.75,5547,21121.5,13317.5,9656,12311.166666666666,13504.75,10.020147735807432,8.621012520055235,9.958046758025477,9.245428722,11,5,14,8,7.333333333333333,2.3978952727983707,1.6094379124341003,2.6390573296152584,1.9330308848201756,5,16927.75,-15574.5,7804,124667438.3,0.5477776912609336,2.2194279189952524,0.5828736911046406,9272.643813242268,-34566.48012,4548.7462853806155,6,-9,6,0.6666666666666666,1.4666666666666666,0.5238095238095238,4,-13.2,8.7954,6603.794,2307.956,25.89789884
01/12/2024,AUMSVILLE ANIMAL CLINIC LLC,16167,10,9.690727406601606,2.302585092994046,12,8911.75,22474.75,5547,21121.5,13317.5,15851.166666666666,14589.916666666666,9.095125909708967,10.020147735807432,8.621012520055235,9.602000350706001,6,11,5,14,9,1.791759469228055,2.3978952727983707,1.6094379124341003,2.164079945006824,5,-13563,16927.75,-15574.5,200289353.3,1.7786817029951094,0.7052877859227207,2.8576107205095846,-24124.25994,11938.935318153335,-44505.85817,-5,6,-9,1.5,0.8181818181818182,1.8,-7.5,4.909090909090909,9.630683,15224.83,942.17,5.827735511
01/09/2024,AVENUE VETERINARY CLINIC,7629,7,8.939712054,1.9459101490553132,9,9324.25,7912,1030,8787,5985,8288.416666666666,6777.875,9.140373812323011,8.976135873302548,6.937314081223682,9.018740579905263,9,4,1,5,6.666666666666667,2.1972245773362196,1.3862943611198906,0,1.8431430291704745,6,1412.25,6882,-7757,73773466,0.8889097425172712,1.0475754128749577,8.047006472491908,1255.3627838700163,7209.413991405459,-62420.62921,5,3,-4,0.7407407407407408,1.6666666666666667,6.666666666666667,3.703703703703704,5,9.074425,8729.163,-1100.163,-14.4208022
01/10/2024,AVENUE VETERINARY CLINIC,17081,15,9.745722014,2.708050201,10,7629,9324.25,7912,1030,8787,11344.75,8627.208333333334,8.939712054,9.140373812323011,8.976135873302548,9.275269293350433,7,9,4,1,10.333333333333334,1.9459101490553132,2.1972245773362196,1.3862943611198906,2.283728309164581,6,-1695.25,1412.25,6882,71134703.25,1.4870559706383537,1.2166930316111215,1.4338662790697674,-2520.931634,1718.2747338928064,9867.867733,-2,5,3,1.4761904761904763,1.1481481481481481,2.5833333333333335,-2.952380952,5.7407407407407405,9.836919,18711.973,-1630.973,-9.548463205
01/11/2024,AVENUE VETERINARY CLINIC,13799.25,12,9.532369521842313,2.4849066497880004,11,17081,7629,9324.25,7912,1030,12836.416666666666,9462.583333333334,9.745722014,8.939712054,9.140373812323011,9.405934529856866,15,7,9,4,11.333333333333334,2.708050201,1.9459101490553132,2.1972245773362196,2.3796223333151745,6,9452,-1695.25,1412.25,130310949,0.7515026442636067,1.6825818150041507,1.3766701522016962,7103.202993579611,-2852.396822,1944.2024224468455,8,-2,5,0.7555555555555556,1.619047619047619,1.2592592592592593,6.044444444444445,-3.238095238,9.581564,14495.071,-695.821,-5.042455206
01/12/2024,AVENUE VETERINARY CLINIC,70690,25,10.950271293918068,3.2188758248682006,12,13799.25,17081,7629,9324.25,7912,33856.75,21072.583333333332,9.532369521842313,9.745722014,8.939712054,10.076120943132812,12,15,7,9,17.333333333333332,2.4849066497880004,2.708050201,1.9459101490553132,2.803944225252804,6,-3281.75,9452,-1695.25,235704989.3,2.453521024693371,1.9821292664363912,4.437901428758684,-8051.842623,18735.085826356768,-7523.352397,-3,8,-2,1.4444444444444444,1.1555555555555554,2.476190476190476,-4.333333333,9.244444444444444,10.860607,52083.695,18606.305,26.320986
01/09/2024,BARFIELD ANIMAL HOSPITAL,18815.8,39,9.842452221390161,3.6635616461296463,9,17359.55,20483.3,17599.9,16478.65,14838.15,18886.216666666664,17595.891666666666,9.761898066219382,9.927365198985447,9.775648499,9.843905162,47,50,46,49,45.333333333333336,3.8501476017100584,3.912023005428146,3.828641396489095,3.8085774177559504,7,-3123.75,2883.399999999998,1121.25,355580870.5,1.0879439079161997,0.9220299788933748,1.073086589507137,-3398.464782,2658.581241141155,1203.1983384848775,-3,4,-3,0.9645390070921986,0.9066666666666667,0.9855072463768116,-2.893617021,3.626666666666667,9.908605,20102.604,-1286.804,-6.838954496
01/10/2024,BARFIELD ANIMAL HOSPITAL,16808.75,43,9.729654863,3.7612001156935624,10,18815.8,17359.55,20483.3,17599.9,16478.65,17661.366666666665,17924.325,9.842452221390161,9.761898066219382,9.927365198985447,9.778001716915874,39,47,50,46,43,3.6635616461296463,3.8501476017100584,3.912023005428146,3.7583031211777556,7,1456.25,-3123.75,2883.399999999998,326633820.9,0.9386455354896771,1.0173862033674068,0.8622324853254439,1366.9025610568424,-3178.060153,2486.1611481873833,-8,-3,4,1.1025641025641026,0.9148936170212766,0.86,-8.820512821,-2.744680851,9.724746,16726.436,82.314,0.489709229
01/11/2024,BARFIELD ANIMAL HOSPITAL,15644.15,42,9.657852324170015,3.7376696182833684,11,16808.75,18815.8,17359.55,20483.3,17599.9,17089.566666666666,17785.241666666665,9.729654863,9.842452221390161,9.761898066219382,9.743319803,43,39,47,50,41.333333333333336,3.7612001156935624,3.6635616461296463,3.8501476017100584,3.720810460035526,7,-2007.05,1456.25,-3123.75,316270078.3,1.016706576435884,0.9082561818613435,0.9844475615247323,-2040.580934,1322.6480648355814,-3075.16807,4,-8,-3,0.9612403100775194,1.0598290598290598,0.8794326241134752,3.8449612403100777,-8.478632479,9.708248,16452.752,-808.602,-5.168718019
01/12/2024,BARFIELD ANIMAL HOSPITAL,11369,27,9.338645632129106,3.295836866004329,12,15644.15,16808.75,18815.8,17359.55,20483.3,14607.299999999997,16746.75833333333,9.657852324170015,9.729654863,9.842452221390161,9.575384273145735,42,43,39,47,37.333333333333336,3.7376696182833684,3.7612001156935624,3.6635616461296463,3.5982355333270863,7,-1164.6,-2007.05,1456.25,262958606.3,0.9337228293004093,0.8690295233137502,0.7763315936606467,-1087.413607,-1744.185705,1130.532883268317,-1,4,-8,0.888888889,0.868217054,0.9572649572649573,-0.888888889,3.472868217054264,9.343541,11424.793,-55.793,-0.490746768
01/09/2024,BRINKER VETERINARY HOSPITAL,1606.95,4,7.382093251376677,1.3862943611198906,9,3662.75,2986,5315,4120,4378.75,2751.9,3678.241666666667,8.205969510381422,8.001689978099135,8.578288291,7.863250913285744,4,3,5,3,3.6666666666666665,1.3862943611198906,1.0986122886681098,1.6094379124341003,1.290400336969297,8,676.75,-2329,1195,10936971.5,0.7513207289604805,0.9216008037508373,0.517761054,508.4563033240052,-2146.408272,618.7244590780808,1,-2,2,0.9166666666666666,1.222222222222222,0.7333333333333333,0.9166666666666666,-2.444444444,7.193761,1331.0999,275.8501,17.16606615
01/10/2024,BRINKER VETERINARY HOSPITAL,2501.75,5,7.824745765970565,1.6094379124341003,10,1606.95,3662.75,2986,5315,4120,2590.483333333333,3365.4083333333333,7.382093251376677,8.205969510381422,8.001689978099135,7.804269509242888,4,4,3,5,4.333333333333333,1.3862943611198906,1.3862943611198906,1.0986122886681098,1.4606755448912938,8,-2055.8,676.75,-2329,5885856.113,1.612049742265368,0.7072509271267035,0.8675429783433801,-3314.05186,478.63206493299657,-2020.507597,0,1,-2,1.0833333333333333,1.0833333333333333,1.4444444444444444,0,1.0833333333333333,7.9528933,2843.791,-342.041,-13.67206955
01/11/2024,BRINKER VETERINARY HOSPITAL,2836.25,3,7.950238036094052,1.0986122886681098,11,2501.75,1606.95,3662.75,2986,5315,2314.983333333333,3151.4500000000003,7.824745765970565,7.382093251376677,8.205969510381422,7.719025684480432,5,4,4,3,4,1.6094379124341003,1.3862943611198906,1.3862943611198906,1.3647815207407001,8,894.8,-2055.8,676.75,4020187.163,0.9253455914193397,1.4406069469077027,0.632034218,827.9992352020251,-2961.599761,427.72915728164173,1,0,1,0.8,1,1,0.8,0,8.048149,3127.9998,-291.7498,-10.28646276
01/12/2024,BRINKER VETERINARY HOSPITAL,1387.75,2,7.23543901,0.6931471805599453,12,2836.25,2501.75,1606.95,3662.75,2986,2241.9166666666665,2496.9083333333333,7.950238036094052,7.824745765970565,7.382093251376677,7.670140937,3,5,4,4,3.3333333333333335,1.0986122886681098,1.6094379124341003,1.3862943611198906,1.1337324605540517,8,334.5,894.8,-2055.8,7095588.438,0.7904510063170266,0.8961393691082908,1.3951377869047987,264.4058616130454,801.8655074780986,-2868.124262,-2,1,0,1.1111111111111112,0.6666666666666667,0.8333333333333334,-2.222222222,0.6666666666666667,7.6185346,2035.5768,-647.8268,-46.68180868
01/09/2024,CHARLES T STEINMAN,35582.5,14,10.47960922294478,2.6390573296152584,9,22594.5,45493.5,19496.5,35647,27734.5,34556.833333333336,31091.416666666668,10.02546179281098,10.725324737591132,9.877990241,10.410131917782296,12,18,9,13,14.666666666666666,2.4849066497880004,2.8903717578961645,2.1972245773362196,2.671445245766474,9,-22899,25997,-16150.5,1027902886,1.5294356296148768,0.7595993566846546,1.7724634336077416,-35022.54648,19747.304475730965,-28626.17068,-6,9,-4,1.222222222222222,0.8148148148148148,1.6296296296296295,-7.333333333,7.333333333333333,10.278853,29110.479,6472.021,18.18877538
01/10/2024,CHARLES T STEINMAN,30411,11,10.322559664050509,2.3978952727983707,10,35582.5,22594.5,45493.5,19496.5,35647,29529.333333333332,31537.5,10.47960922294478,10.02546179281098,10.725324737591132,10.275876893268757,14,12,18,9,12.333333333333334,2.6390573296152584,2.4849066497880004,2.8903717578961645,2.507286417400543,9,12988,-22899,25997,803968796.3,0.8298836038314714,1.3069257267624126,0.6490890640054806,10778.52824656315,-29927.29222,16874.36839695048,2,-6,9,0.880952381,1.027777777777778,0.6851851851851852,1.761904761904762,-6.166666667,10.265698,28730.037,1680.963,5.527483476
01/11/2024,CHARLES T STEINMAN,22858.5,12,10.037078318398025,2.4849066497880004,11,30411,35582.5,22594.5,45493.5,19496.5,29617.333333333332,29406.083333333332,10.322559664050509,10.47960922294478,10.02546179281098,10.279749068464438,11,14,12,18,12.333333333333334,2.3978952727983707,2.6390573296152584,2.4849066497880004,2.507286417400543,9,-5171.5,12988,-22899,1082099408,0.9739019872195368,0.8323567296658001,1.3108204799103027,-5036.534127,10810.649204899411,-30016.47817,-3,2,-6,1.1212121212121213,0.880952381,1.027777777777778,-3.363636364,1.761904761904762,10.110526,24600.598,-1742.098,-7.62122624
01/12/2024,CHARLES T STEINMAN,16704,5,9.723403490682365,1.6094379124341003,12,22858.5,30411,35582.5,22594.5,45493.5,23324.5,28940.666666666668,10.037078318398025,10.322559664050509,10.47960922294478,10.027680491043633,12,11,14,12,9.333333333333334,2.4849066497880004,2.3978952727983707,2.6390573296152584,2.1640799450068235,9,-7552.5,-5171.5,12988,695149843.5,1.0203862895640572,0.7669757653480649,0.655504813,-7706.467452,-3966.41517,8513.696508114945,1,-3,2,0.7777777777777778,0.8484848484848485,0.6666666666666667,0.7777777777777778,-2.545454545,9.955346,21064.535,-4360.535,-26.10473539
01/09/2024,DIXIE VETERINARY HOSPITAL,730.94,1,6.693194838053772,0,9,1489.56,3079.1,1190.75,2236.5,1741.75,1766.5333333333335,1744.7666666666667,7.306236053315857,8.032392625474397,7.0823386396809695,7.343941172281343,2,5,2,3,2.6666666666666665,0.6931471805599453,1.6094379124341003,0.6931471805599453,0.7675283643313485,10,-1589.54,1888.35,-1045.75,4586504.1959999995,1.1859430525345294,0.5737174282528446,1.483546784239625,-1885.10392,1083.379305641259,-1551.41905,-3,3,-1,1.3333333333333333,0.5333333333333333,1.3333333333333333,-4,1.6,6.9301105,1022.60693,-291.66693,-39.90299204
01/10/2024,DIXIE VETERINARY HOSPITAL,1851.22,3,7.52360016,1.0986122886681098,10,730.94,1489.56,3079.1,1190.75,2236.5,1357.24,1763.0116666666665,6.693194838053772,7.306236053315857,8.032392625474397,7.174343683851206,1,2,5,2,2,0,0.6931471805599453,1.6094379124341003,0.5972531564093516,10,-758.62,-1589.54,1888.35,1088778.986,1.8568418748460884,0.9111683987217702,0.4407911402682602,-1408.637383,-1448.338617,832.3679497255691,-1,-3,3,2,1,0.4,-2,-3,7.445256,1711.7238,139.4962,7.535365867
01/11/2024,DIXIE VETERINARY HOSPITAL,2100.87,2,7.650106823633168,0.6931471805599453,11,1851.22,730.94,1489.56,3079.1,1190.75,1561.0100000000002,1740.4066666666665,7.52360016,6.693194838053772,7.306236053315857,7.288967273956977,3,1,2,5,2,1.0986122886681098,0,0.6931471805599453,0.5972531564093516,10,1120.28,-758.62,-1589.54,1353130.747,0.8432331111375202,2.1356198867212086,1.0479671849405194,944.6571897451411,-1620.123958,-1665.785759,2,-1,-3,0.6666666666666666,2,1,1.3333333333333333,-2,7.714612,2240.8533,-139.9833,-6.663110997
01/12/2024,DIXIE VETERINARY HOSPITAL,1725.42,3,7.453225778090308,1.0986122886681098,12,2100.87,1851.22,730.94,1489.56,3079.1,1892.5033333333333,1829.5183333333334,7.650106823633168,7.52360016,6.693194838053772,7.542310920635821,2,3,1,2,2.6666666666666665,0.6931471805599453,1.0986122886681098,0,0.9634572526320548,10,249.64999999999986,1120.28,-758.62,3889172.561,0.9008188671042632,1.0223006089677797,2.589136363221787,224.88943017257918,1145.2629262144242,-1964.170628,-1,2,-1,1.3333333333333333,0.8888888888888888,2.6666666666666665,-1.333333333,1.7777777777777777,7.704772,2218.9111,-493.4911,-28.60121594
01/09/2024,"Dr. Lane Arrendell, DVM",17905.5,23,9.792863207203203,3.1354942159291497,9,22554.35,13399.4,16352.5,15297.25,13794.75,17953.083333333332,16550.625,10.023683230983433,9.502965209,9.702136069835367,9.773170549001252,39,35,32,36,32.333333333333336,3.6635616461296463,3.5553480614894135,3.4657359027997265,3.4514679745160692,11,9154.949999999999,-2953.1,1055.25,302214757.4,0.7959920517919308,1.339842331248663,1.0978800387300616,7287.267434552536,-3956.688388,1158.5379108698974,4,3,-4,0.8290598290598291,0.9238095238095239,1.0104166666666667,3.3162393162393164,2.7714285714285714,9.720411,16654.094,1251.406,6.98894753
01/10/2024,"Dr. Lane Arrendell, DVM",12598.5,22,9.441333038233791,3.091042453358316,10,17905.5,22554.35,13399.4,16352.5,15297.25,17686.116666666665,16351.25,9.792863207203203,10.023683230983433,9.502965209,9.752626492140143,23,39,35,32,28,3.1354942159291497,3.6635616461296463,3.5553480614894135,3.296699438472371,11,-4648.85,9154.949999999999,-2953.1,403846913.92499995,0.9877477125278079,0.7841554585552971,1.319918553567075,-4591.890953,7178.904015300816,-3897.851481,-16,4,3,1.2173913043478262,0.717948718,0.8,-19.47826087,2.871794871794872,9.419493,12326.328,272.172,2.160352423
01/11/2024,"Dr. Lane Arrendell, DVM",7586.4,20,8.934112449569518,2.995732273553991,11,12598.5,17905.5,22554.35,13399.4,16352.5,12696.800000000001,15066.108333333332,9.441333038233791,9.792863207203203,10.023683230983433,9.389436231668839,22,23,39,35,21.666666666666668,3.091042453358316,3.1354942159291497,3.6635616461296463,3.074089647613819,11,-5307,-4648.85,9154.949999999999,225582441.8,1.0078025161725603,0.7091005556951775,0.5629424035718166,-5348.407953,-3296.502118,5153.709557579801,-1,-16,4,0.9848484848484849,0.9420289855072465,0.5555555555555556,-0.984848485,-15.07246377,9.068054,8673.73,-1087.33,-14.33262153
01/12/2024,"Dr. Lane Arrendell, DVM",8274.9,25,9.020982115580098,3.2188758248682006,12,7586.4,12598.5,17905.5,22554.35,13399.4,9486.6,13719.841666666667,8.934112449569518,9.441333038233791,9.792863207203203,9.132142534461137,20,22,23,39,22.333333333333332,2.995732273553991,3.091042453358316,3.1354942159291497,3.1018835172601693,11,-5012.1,-5307,-4648.85,95577260.39999999,1.2504745333755143,0.7529944040957257,0.5298148613554494,-6267.503409,-3996.141303,-2463.029818,-2,-1,-16,1.1166666666666667,1.0151515151515151,0.9710144927536232,-2.233333333,-1.015151515,9.23407,10240.133,-1965.233,-23.74932628
01/09/2024,ELK CREEK ANIMAL HOSPITAL,3472,2,8.152486076,0.6931471805599453,9,14248.75,10202.5,7073.5,14983.25,15014,9307.75,10832.333333333334,9.564424462550988,9.230388067,8.864110686,8.982432868537064,15,4,4,11,7,2.708050201,1.3862943611198906,1.3862943611198906,1.5958305809273485,12,4046.25,3129,-7909.75,145372871.9,0.65323274,0.9123009066405293,1.3158620202163003,2643.142973067813,2854.589536878216,-10408.13961,11,0,-7,0.4666666666666667,1.75,1.75,5.133333333333334,0,8.382305,4369.069,-897.069,-25.83724078
01/10/2024,ELK CREEK ANIMAL HOSPITAL,7885.25,7,8.972749204664972,1.9459101490553132,10,3472,14248.75,10202.5,7073.5,14983.25,8535.333333333334,9644.208333333334,8.152486076,9.564424462550988,9.230388067,8.896553248,2,15,4,4,8,0.6931471805599453,2.708050201,1.3862943611198906,1.7823691769058227,12,-10776.75,4046.25,3129,49471660,2.4583333333333335,0.5990233061379654,0.836592338,-26492.84375,2423.7980524607424,2617.697427101201,-13,11,0,4,0.5333333333333333,2,-52,5.866666666666666,8.827347,6818.1724,1067.0776,13.53257791
01/11/2024,ELK CREEK ANIMAL HOSPITAL,14019,12,9.548168831368535,2.4849066497880004,11,7885.25,3472,14248.75,10202.5,7073.5,8458.75,9483.5,8.972749204664972,8.152486076,9.564424462550988,8.891134703937915,7,2,15,4,7,1.9459101490553132,0.6931471805599453,2.708050201,1.7079879931344195,12,4413.25,-10776.75,4046.25,27377588,1.0727307314289338,2.436275921658986,0.5936485656636548,4734.228900478743,-26255.13654,2402.0505088165633,5,-13,11,1,3.5,0.4666666666666667,5,-45.5,9.363376,11653.66,2365.34,16.87238747
01/12/2024,ELK CREEK ANIMAL HOSPITAL,49703.25,7,10.813825602300858,1.9459101490553132,12,14019,7885.25,3472,14248.75,10202.5,23869.166666666668,16588.458333333332,9.548168831368535,8.972749204664972,8.152486076,9.778247879,12,7,2,15,8.666666666666666,2.4849066497880004,1.9459101490553132,0.6931471805599453,2.125575649299542,12,6133.75,4413.25,-10776.75,110543319.8,1.7026297643674062,3.0270653012481112,6.8747599846390175,10443.505317188577,13359.195940733227,-74087.56966,5,5,-13,0.7222222222222222,1.238095238095238,4.333333333333333,3.611111111111111,6.19047619,10.623953,41107.79,8595.46,17.29355726
01/09/2024,FERDINAND TAMAS,16321,11,9.700207901150696,2.3978952727983707,9,25527.75,23526.5,22645,26351.5,22229.5,21791.75,22766.875,10.14752137474184,10.06588272437624,10.027694355990315,9.971204000089593,18,15,23,17,14.666666666666666,2.8903717578961645,2.708050201,3.1354942159291497,2.665439077265582,13,2001.25,881.5,-3706.5,600578610.4,0.8536494599014798,0.9262640001700211,0.9623206005740782,1708.3659816278364,816.5017161498736,-3566.841306,3,-8,6,0.8148148148148148,0.9777777777777777,0.6376811594202898,2.444444444444444,-7.822222222,9.843131,18828.578,-2507.578,-15.36411985
01/10/2024,FERDINAND TAMAS,21129,15,9.958401783,2.708050201,10,16321,25527.75,23526.5,22645,26351.5,20992.583333333332,22583.458333333332,9.700207901150696,10.14752137474184,10.06588272437624,9.935377019768685,11,18,15,23,14.666666666666666,2.3978952727983707,2.8903717578961645,2.708050201,2.6654390772655816,13,-9206.75,2001.25,881.5,416638407.8,1.2862314400669892,0.822343659,0.892295213,-11842.01131,1645.7152469698008,786.5582304,-7,3,-8,1.3333333333333333,0.8148148148148148,0.9777777777777777,-9.333333333,2.444444444444444,9.991666,21843.656,-714.656,-3.382346538
01/11/2024,FERDINAND TAMAS,25058,19,10.128948416805498,2.9444389791664403,11,21129,16321,25527.75,23526.5,22645,20836,22367.875,9.958401783,9.700207901150696,10.14752137474184,9.929186033789904,15,11,18,15,15,2.708050201,2.3978952727983707,2.8903717578961645,2.6834614843556737,13,4808,-9206.75,2001.25,344846409,0.9861328032561881,1.2766374609398934,0.8162098108920685,4741.326518055753,-11753.68194,1633.439884047752,4,-7,3,1,1.3636363636363635,0.8333333333333334,4,-9.545454545,10.177424,26302.637,-1244.637,-4.967024503
01/12/2024,FERDINAND TAMAS,19024,20,9.853456618930563,2.995732273553991,12,25058,21129,16321,25527.75,23526.5,21737,21764.375,10.128948416805498,9.958401783,9.700207901150696,9.980268939716526,19,15,11,18,18,2.9444389791664403,2.708050201,2.3978952727983707,2.882740484607547,13,3929,4808,-9206.75,529450482,0.8674674754569399,1.0287756164513229,1.3318424116169352,3408.279711070317,4946.353164,-12261.94012,4,4,-7,0.9473684210526315,1.2,1.6363636363636365,3.789473684210526,4.8,9.893603,19803.29,-779.29,-4.096351976
01/09/2024,GULLY ANIMAL HOSPITAL,26687.75,51,10.191959937608603,3.9318256327243257,9,32409.5,35750.5,31694.75,33878,31725.25,31615.916666666668,32024.291666666668,10.386206868679349,10.484319534038336,10.363906331007714,10.354162113442095,67,81,64,69,66.33333333333333,4.204692619390966,4.394449154672439,4.1588830833596715,4.1769891355959095,14,-3341,4055.75,-2183.25,1158655830,0.9755138668188854,0.8843489368447062,0.997512732,-3259.191829,3586.698200607917,-2177.819672,-14,17,-5,0.990049751,0.8189300411522633,1.0364583333333333,-13.86069652,13.921810699588477,10.289941,29435.033,-2747.283,-10.29417242
01/10/2024,GULLY ANIMAL HOSPITAL,25648.75,53,10.152250116467957,3.970291913552122,10,26687.75,32409.5,35750.5,31694.75,33878,28248.666666666668,31011.541666666668,10.191959937608603,10.386206868679349,10.484319534038336,10.243472307585304,51,67,81,64,57,3.9318256327243257,4.204692619390966,4.394449154672439,4.0356033885558045,14,-5721.75,-3341,4055.75,864936633.6,1.0584881328199893,0.871616861,0.7901614429635017,-6056.404474,-2912.071934,3204.697272299222,-16,-14,17,1.1176470588235294,0.8507462686567164,0.7037037037037037,-17.88235294,-11.91044776,10.243377,28095.84,-2447.09,-9.540776841
01/11/2024,GULLY ANIMAL HOSPITAL,26269.25,51,10.17615433,3.9318256327243257,11,25648.75,26687.75,32409.5,35750.5,31694.75,26201.916666666668,29743.416666666668,10.152250116467957,10.191959937608603,10.386206868679349,10.173454795557388,53,51,67,81,51.666666666666664,3.970291913552122,3.9318256327243257,4.204692619390966,3.944647726333591,14,-1039,-5721.75,-3341,684507427.8,1.0215670029403643,0.9817956428198956,0.8084640820335601,-1061.408116,-5617.589219,-2701.078498,2,-16,-14,0.9748427672955975,1.0130718954248366,0.7711442786069651,1.949685534591195,-16.20915033,10.327383,30558.035,-4288.785,-16.32625598
01/12/2024,GULLY ANIMAL HOSPITAL,17035.5,40,9.743054681,3.6888794541139363,12,26269.25,25648.75,26687.75,32409.5,35750.5,22984.5,27300.208333333332,10.17615433,10.152250116467957,10.191959937608603,10.023819710021122,51,53,51,67,48,3.9318256327243257,3.970291913552122,3.9318256327243257,3.863665666796795,14,620.5,-1039,-5721.75,673773425.9,0.874958364,0.8961255421804182,0.8612378338376221,542.9116647791619,-931.0744383,-4927.787576,-2,2,-16,0.9411764705882353,0.9056603773584906,0.9411764705882353,-1.882352941,1.8113207547169812,9.804384,18112.982,-1077.482,-6.324921487
01/09/2024,HILLDALE VETERINARY HOSPITAL,950.5,3,6.856988161928484,1.0986122886681098,9,742.75,947,1605,1437.5,1603.25,880.0833333333334,1214.3333333333333,6.693194838053772,6.853299093186078,7.380879035564116,6.8011606977227785,3,4,6,6,3.3333333333333335,1.0986122886681098,1.3862943611198906,1.791759469228055,1.1945063128187032,15,-204.25,-658,167.5,703384.25,1.1848984629193313,0.9293382611756424,0.5483385254413292,-242.0155111,-611.5045759,91.84670301142265,-1,-2,0,1.1111111111111112,0.8333333333333334,0.5555555555555556,-1.111111111,-1.666666667,6.999322,1095.8898,-145.3898,-15.29613887
01/10/2024,HILLDALE VETERINARY HOSPITAL,2255,7,7.720905251936779,1.9459101490553132,10,950.5,742.75,947,1605,1437.5,1316.0833333333333,1322.9583333333333,6.856988161928484,6.693194838053772,6.853299093186078,7.090362750639678,3,3,4,6,4.333333333333333,1.0986122886681098,1.0986122886681098,1.3862943611198906,1.3810449087971775,15,207.75,-204.25,-658,705983.875,1.3846221287041907,1.7719062044205092,1.3897395283350933,287.6552472382956,-361.9118423,-914.4486096,0,-1,-2,1.4444444444444444,1.4444444444444444,1.0833333333333333,0,-1.444444444,7.4751835,1763.7253,491.2747,21.78601774
01/11/2024,HILLDALE VETERINARY HOSPITAL,742.75,5,6.693194838053772,1.6094379124341003,11,2255,950.5,742.75,947,1605,1316.0833333333333,1207.1666666666667,7.720905251936779,6.856988161928484,6.693194838053772,7.090362750639678,7,3,3,4,5,1.9459101490553132,1.0986122886681098,1.0986122886681098,1.5513201167191744,15,1304.5,207.75,-204.25,2143377.5,0.5836289726533629,1.3846221287041907,1.7719062044205092,761.3439948263119,287.6552472382956,-361.9118423,4,0,-1,0.7142857142857143,1.6666666666666667,1.6666666666666667,2.857142857142857,0,6.915877,1008.1547,-265.4047,-35.73270953
01/12/2024,HILLDALE VETERINARY HOSPITAL,1631.25,5,7.397101871071004,1.6094379124341003,12,742.75,2255,950.5,742.75,947,1543,1211.5416666666667,6.693194838053772,7.720905251936779,6.856988161928484,7.270400653687186,5,7,3,3,5.666666666666667,1.6094379124341003,1.9459101490553132,1.0986122886681098,1.7215953246411713,15,-1512.25,1304.5,207.75,1674901.25,2.077415011780545,0.6842572062084257,1.623356128353498,-3141.570852,892.6135254988912,337.25223566543923,-2,4,0,1.1333333333333333,0.8095238095238095,1.888888888888889,-2.266666667,3.238095238095238,7.4054213,1644.8774,-13.6274,-0.835396169
01/09/2024,HOPE ANIMAL CLINIC,34279,20,10.44228820075763,2.995732273553991,9,21114.25,19895.4,17135.2,20770.15,10526.2,25096.216666666664,20620.033333333336,9.957703446964528,9.898243828213074,9.748890106256933,10.099411825311744,18,14,13,17,17.333333333333332,2.8903717578961645,2.6390573296152584,2.5649493574615367,2.8417204536884717,16,1218.8499999999985,2760.2000000000007,-3634.95,420076449.45000005,1.1885914331158656,1.261407997158472,1.46460016,1448.714668253271,3481.7383537568153,-5323.748353,4,1,-4,0.9629629629629629,1.238095238095238,1.3333333333333333,3.8518518518518516,1.238095238095238,10.332514,30715.229,3563.771,10.39636804
01/10/2024,HOPE ANIMAL CLINIC,28151.75,16,10.245364798598251,2.772588722239781,10,34279,21114.25,19895.4,17135.2,20770.15,27848.333333333332,23557.625,10.44228820075763,9.957703446964528,9.898243828213074,10.215118815440137,20,18,14,13,18,2.995732273553991,2.8903717578961645,2.6390573296152584,2.886230917896645,16,13164.75,1218.8499999999985,2760.2000000000007,723775375.8,0.8124021509767885,1.3189354740676715,1.399737292707527,10695.071217071676,1607.5845025673796,3863.554875331317,2,4,1,0.9,1,1.2857142857142858,1.8,4,10.165921,26001.803,2149.947,7.636992372
01/11/2024,HOPE ANIMAL CLINIC,31689.2,19,10.363731207809675,2.9444389791664403,11,28151.75,34279,21114.25,19895.4,17135.2,31373.316666666666,25377.46666666667,10.245364798598251,10.44228820075763,9.957703446964528,10.350461402388518,16,20,18,14,18.333333333333332,2.772588722239781,2.995732273553991,2.8903717578961645,2.9042533249867373,16,-6127.25,13164.75,1218.8499999999985,965013838.3,1.1144357514778536,0.9152343028287484,1.4858835462622004,-6828.426458,12048.830788164765,1811.0691603616808,-4,2,4,1.1458333333333333,0.9166666666666666,1.0185185185185184,-4.583333333,1.8333333333333333,10.443989,34337.348,-2648.148,-8.356626232
01/12/2024,HOPE ANIMAL CLINIC,26598.25,15,10.188600703131884,2.708050201,12,31689.2,28151.75,34279,21114.25,19895.4,28813.066666666666,26954.641666666666,10.363731207809675,10.245364798598251,10.44228820075763,10.265898903179936,19,16,20,18,16.666666666666668,2.9444389791664403,2.772588722239781,2.995732273553991,2.8083593008361434,16,3537.4500000000007,-6127.25,13164.75,892106436.1,0.9092393202310777,1.0234911387983576,0.8405457179808823,3216.3886333514265,-6271.18608,11065.57424078882,3,-4,2,0.8771929824561404,1.0416666666666667,0.8333333333333334,2.6315789473684212,-4.166666667,10.188816,26603.98,-5.73,-0.021542771
01/09/2024,JEFF BATTERSHELL,8995,2,9.104424146384634,0.6931471805599453,9,30957.5,32900.75,4120,23610,34555,24284.416666666668,22523.041666666668,10.340370575089255,10.401250732846213,8.323608442343572,9.948681818106701,5,6,1,2,4.333333333333333,1.6094379124341003,1.791759469228055,0,1.3647815207407001,17,-1943.25,28780.75,-19490,1018524968,0.7844437266144446,0.7381113399137305,5.894275889967638,-1524.370272,21243.39795,-114879.4371,-1,5,-1,0.8666666666666666,0.7222222222222222,4.333333333333333,-0.866666667,3.611111111111111,9.376451,11807.031,-2812.031,-31.26215675
01/10/2024,JEFF BATTERSHELL,16680,2,9.721965675912738,0.6931471805599453,10,8995,30957.5,32900.75,4120,23610,18877.5,19543.875,9.104424146384634,10.340370575089255,10.401250732846213,9.722253465795543,2,5,6,1,3,0.6931471805599453,1.6094379124341003,1.791759469228055,0.9985774245179969,17,-21962.5,-1943.25,28780.75,278462712.5,2.0986659255141746,0.6097876120487765,0.5737711146402438,-46091.95039,-1184.969777,16513.563007682194,-3,-1,5,1.5,0.6,0.5,-4.5,-0.6,9.819061,18380.79,-1700.79,-10.19658273
01/11/2024,JEFF BATTERSHELL,20417,6,9.924123166,1.791759469228055,11,16680,8995,30957.5,32900.75,4120,15364,19011.708333333332,9.721965675912738,9.104424146384634,10.340370575089255,9.583504329477856,2,2,5,6,3.3333333333333335,0.6931471805599453,0.6931471805599453,1.6094379124341003,1.0593512767826485,17,7685,-21962.5,-1943.25,150036600,0.9211031175059952,1.708060033351862,0.49629330533796334,7078.677458033573,-37513.26848,-964.4219656,0,-3,-1,1.6666666666666667,1.6666666666666667,0.6666666666666667,0,-5,9.886434,19661.812,755.188,3.698819611
01/12/2024,JEFF BATTERSHELL,18496.25,4,9.825323287816744,1.3862943611198906,12,20417,16680,8995,30957.5,32900.75,18531.083333333332,21407.75,9.924123166,9.721965675912738,9.104424146384634,9.823804043288561,6,2,2,5,4,1.791759469228055,0.6931471805599453,0.6931471805599453,1.290400336969297,17,3737,7685,-21962.5,340555560,0.90763008,1.110976219,2.0601537891421158,3391.8136071247814,8537.852243205434,-45246.12759,4,0,-3,0.6666666666666666,2,2,2.6666666666666665,0,9.824973,18489.775,6.475,0.035007096
01/09/2024,JEFFERSON VETERINARY CENTER,2299.25,5,7.740338261782807,1.6094379124341003,9,3053,3577,3632.75,1609,5099,2976.4166666666665,3211.6666666666665,8.023879992734878,8.182279739259018,8.197745216200806,7.982165997925567,7,6,7,3,6,1.9459101490553132,1.791759469228055,1.9459101490553132,1.7823691769058225,18,-524,-55.75,2023.75,10920581,0.9749153837755213,0.8320985928618022,0.8193287913197073,-510.8556611,-46.38949655,1658.1166414332577,1,-1,4,0.8571428571428571,1,0.8571428571428571,0.8571428571428571,-1,7.813587,2473.9893,-174.7393,-7.599839078
01/10/2024,JEFFERSON VETERINARY CENTER,2697,7,7.899895323,1.9459101490553132,10,2299.25,3053,3577,3632.75,1609,2683.0833333333335,2811.3333333333335,7.740338261782807,8.023879992734878,8.182279739259018,7.888037859219138,5,7,6,7,6.333333333333333,1.6094379124341003,1.9459101490553132,1.791759469228055,1.8337527368482418,18,-753.75,-524,-55.75,7019610.25,1.1669384944365917,0.878835026,0.7500931879601156,-879.5798902,-460.5095534,-41.81769523,-2,1,-1,1.2666666666666666,0.9047619047619048,1.0555555555555556,-2.533333333,0.9047619047619048,7.8283124,2510.689,186.311,6.908083055
01/11/2024,JEFFERSON VETERINARY CENTER,2442,6,7.800572655,1.791759469228055,11,2697,2299.25,3053,3577,3632.75,2479.4166666666665,2950.1666666666665,7.899895323,7.740338261782807,8.023879992734878,7.8136020798643955,7,5,7,6,6,1.9459101490553132,1.6094379124341003,1.9459101490553132,1.7823691769058225,18,397.75,-753.75,-524,6201077.25,0.9193239401804474,1.0783588851437063,0.8121246861011027,365.6610972067729,-812.8130097,-425.5533355,2,-2,1,0.8571428571428571,1.2,0.8571428571428571,1.7142857142857142,-2.4,7.7817574,2396.4827,45.5173,1.863935299
01/12/2024,JEFFERSON VETERINARY CENTER,3160.75,6,8.058564620192007,1.791759469228055,12,2442,2697,2299.25,3053,3577,2766.5833333333335,2871.5,7.800572655,7.899895323,7.740338261782807,7.919677532667461,6,7,5,7,6.333333333333333,1.791759469228055,1.9459101490553132,1.6094379124341003,1.8431430291704742,18,-255,397.75,-753.75,6586074,1.132917007917008,1.0258002719070574,1.2032546844985685,-288.893837,408.0120581510321,-906.9532184,-1,2,-2,1.0555555555555556,0.9047619047619048,1.2666666666666666,-1.055555556,1.8095238095238095,7.8737836,2627.488,533.262,16.87137546
01/09/2024,JORDAN VETERINARY HOSPITAL,12881.25,16,9.463528045,2.772588722239781,9,17984.25,15488.5,14329.25,6724.5,10189.25,15451.333333333334,12932.833333333334,9.797251653842348,9.647853092053122,9.570058181699583,9.63621093,21,20,23,9,19,3.044522437723423,2.995732273553991,3.1354942159291497,2.9376144778390647,19,2495.75,1159.25,7604.75,278549056.1,0.8591591716826298,0.9976003701671132,1.0783071921652099,2144.246502726923,1156.468229116226,8200.25662,1,-3,14,0.9047619047619048,0.95,0.8260869565217391,0.9047619047619048,-2.85,9.51221,13523.848,-642.598,-4.988630762
01/10/2024,JORDAN VETERINARY HOSPITAL,10459.75,15,9.255289836759676,2.708050201,10,12881.25,17984.25,15488.5,14329.25,6724.5,13775.083333333334,12977.916666666666,9.463528045,9.797251653842348,9.647853092053122,9.505356512,16,21,20,23,17.333333333333332,2.772588722239781,3.044522437723423,2.995732273553991,2.8417204536884717,19,-5103,2495.75,1159.25,231659620.3,1.0693902636260715,0.7659526159463605,0.8893749125695409,-5457.098515,1911.6262412481294,1031.0078673962403,-5,1,-3,1.0833333333333333,0.8253968253968254,0.8666666666666666,-5.416666667,0.8253968253968254,9.386182,11922.49,-1462.74,-13.98446426
01/11/2024,JORDAN VETERINARY HOSPITAL,11822.25,15,9.377738628174761,2.708050201,11,10459.75,12881.25,17984.25,15488.5,14329.25,11721.083333333334,13827.541666666666,9.255289836759676,9.463528045,9.797251653842348,9.365518836524402,15,16,21,20,15.333333333333334,2.708050201,2.772588722239781,3.044522437723423,2.7295630414814003,19,-2421.5,-5103,2495.75,134734654.7,1.1205892428914013,0.909933689,0.6517415701701953,-2713.506852,-4643.391616,1626.584023752265,-1,-5,1,1.0222222222222224,0.9583333333333334,0.7301587301587302,-1.022222222,-4.791666667,9.520145,13631.593,-1809.343,-15.30455709
01/12/2024,JORDAN VETERINARY HOSPITAL,11637.75,20,9.362009403631703,2.995732273553991,12,11822.25,10459.75,12881.25,17984.25,15488.5,11306.583333333334,13378.958333333334,9.377738628174761,9.255289836759676,9.463528045,9.331679289522047,15,15,16,21,16.666666666666668,2.708050201,2.708050201,2.772588722239781,2.803944225252804,19,1362.5,-2421.5,-5103,123657779.4,0.9563816814340192,1.080961144705498,0.8777551350477115,1303.0700409538513,-2617.547412,-4479.184454,0,-1,-5,1.1111111111111112,1.1111111111111112,1.0416666666666667,0,-1.111111111,9.552657,14082.0625,-2444.3125,-21.0033082
01/09/2024,KIMBALL ANIMAL HOSPITAL,5038.75,12,8.524913314431375,2.4849066497880004,9,7309.25,4783.5,3944.5,6898.5,3995,5710.5,5328.25,8.896895948300962,8.472927775118222,8.280077482535145,8.631579012616852,23,15,13,19,16.666666666666668,3.1354942159291497,2.708050201,2.5649493574615367,2.7761503556064535,20,2525.75,839,-2954,34963797.38,0.781270308,1.193791157,1.447712004056281,1973.2934808632895,1001.590780809031,-4276.54126,8,2,-6,0.7246376811594203,1.1111111111111112,1.2820512820512822,5.797101449275362,2.2222222222222223,8.56598,5249.982,-211.232,-4.192150831
01/10/2024,KIMBALL ANIMAL HOSPITAL,6767.25,17,8.81985008,2.833213344056216,10,5038.75,7309.25,4783.5,3944.5,6898.5,6371.75,5790.291666666667,8.524913314431375,8.896895948300962,8.472927775118222,8.747219780758352,12,23,15,13,17.333333333333332,2.4849066497880004,3.1354942159291497,2.708050201,2.8178714032577887,20,-2270.5,2525.75,839,36829483.44,1.26454974,0.8717378664021617,1.3320267586495245,-2871.160184,2201.791916,1117.570450506951,-11,8,2,1.4444444444444444,0.753623188,1.1555555555555554,-15.88888889,6.028985507246376,8.8902645,7260.9395,-493.6895,-7.295275038
01/11/2024,KIMBALL ANIMAL HOSPITAL,3724.25,10,8.222620768259702,2.302585092994046,11,6767.25,5038.75,7309.25,4783.5,3944.5,5176.75,5261.25,8.81985008,8.524913314431375,8.896895948300962,8.522461387411264,17,12,23,15,13,2.833213344056216,2.4849066497880004,3.1354942159291497,2.5402350289460873,20,1728.5,-2270.5,2525.75,34098480.94,0.7649710000369426,1.0273877449764326,0.7082464001094504,1322.2523735638554,-2332.683875,1788.8533450764444,5,-11,8,0.7647058823529411,1.0833333333333333,0.5652173913043478,3.8235294117647056,-11.91666667,8.555712,5196.35,-1472.1,-39.52742163
01/12/2024,KIMBALL ANIMAL HOSPITAL,5341.5,15,8.583261791385942,2.708050201,12,3724.25,6767.25,5038.75,7309.25,4783.5,5277.666666666667,5494.083333333333,8.222620768259702,8.81985008,8.524913314431375,8.541910879729455,10,17,12,23,14,2.302585092994046,2.833213344056216,2.4849066497880004,2.614616212717491,20,-3043,1728.5,-2270.5,25202930.81,1.4171085900964402,0.779883508,1.0474158604151163,-4312.26144,1348.028642850986,-2378.157711,-7,5,-11,1.4,0.8235294117647058,1.1666666666666667,-9.8,4.117647058823529,8.455063,4698.802,642.698,12.03216325
01/09/2024,KIRKWOOD ANIMAL HOSPITAL,13303.25,8,9.495763645260839,2.0794415416798357,9,20385.5,16520,19086.75,17372.25,15069,16736.25,16956.125,9.922579143,9.712327047,9.856749656024064,9.710223278,12,13,10,9,11,2.4849066497880004,2.5649493574615367,2.302585092994046,2.376432516309791,21,3865.5,-2566.75,1714.5,336768460,0.8209879571263888,1.0130901937046004,0.8768517427010885,3173.528948272056,-2600.349255,1503.362312861016,-1,3,1,0.9166666666666666,0.8461538461538461,1.1,-0.916666667,2.5384615384615383,9.407649,12181.199,1122.051,8.434412644
01/10/2024,KIRKWOOD ANIMAL HOSPITAL,16580.5,10,9.715982585,2.302585092994046,10,13303.25,20385.5,16520,19086.75,17372.25,16756.416666666668,17208.041666666668,9.495763645260839,9.922579143,9.712327047,9.711441791034169,8,12,13,10,10,2.0794415416798357,2.4849066497880004,2.5649493574615367,2.288977761487294,21,-7082.25,3865.5,-2566.75,271193402.9,1.2595731619466422,0.8219772223721109,1.0143109362389024,-8920.612026,3177.352953079395,-2603.482596,-4,-1,3,1.25,0.8333333333333334,0.7692307692307693,-5,-0.833333333,9.745786,17082.088,-501.588,-3.025168119
01/11/2024,KIRKWOOD ANIMAL HOSPITAL,21172.75,12,9.960470256495555,2.4849066497880004,11,16580.5,13303.25,20385.5,16520,19086.75,17018.833333333332,17841.458333333332,9.715982585,9.495763645260839,9.922579143,9.724072162268804,10,8,12,13,10,2.302585092994046,2.0794415416798357,2.4849066497880004,2.2889777614872937,21,3277.25,-7082.25,3865.5,220574536.6,1.0264366776233125,1.279298918184153,0.834849934,3363.8896017410007,-9060.314763,3227.1124205930682,2,-4,-1,1,1.25,0.8333333333333334,2,-5,9.94444,20836.05,336.7,1.590251621
01/12/2024,KIRKWOOD ANIMAL HOSPITAL,19548.5,13,9.880653836127184,2.5649493574615367,12,21172.75,16580.5,13303.25,20385.5,16520,19100.583333333332,17918.416666666668,9.960470256495555,9.715982585,9.495763645260839,9.852368892557585,12,10,8,12,11.666666666666666,2.4849066497880004,2.302585092994046,2.0794415416798357,2.4508137000811945,21,4592.25,3277.25,-7082.25,351054781.4,0.9021304900560074,1.1519907923966908,1.435783235926058,4142.808743,3775.3618243820547,-10168.57582,2,2,-4,0.9722222222222222,1.1666666666666665,1.4583333333333333,1.9444444444444444,2.333333333333333,9.960977,21183.475,-1634.975,-8.363685193
01/09/2024,LARRY D. SHAW,209.1,1,6.693194838053772,0,9,61704.44,5970.48,35113.35,15285.15,20221.25,22628.006666666664,23083.961666666666,10.950271293918068,8.694582605,10.46633667902266,8.779349579045489,10,11,26,25,7.333333333333333,2.302585092994046,2.3978952727983707,3.258096538021482,1.5668267885974723,22,55733.96000000001,-29142.87,19828.199999999997,368405124.93119997,0.36671602021939853,3.7899811517108617,0.6444274518571046,20438.536002267152,-110450.928,12777.83640091304,-1,-15,1,0.7333333333333333,0.6666666666666666,0.28205128205128205,-0.733333333,-10,6.988535,1084.132,-875.032,-418.4753706
01/10/2024,LARRY D. SHAW,716.87,2,6.693194838053772,0.6931471805599453,10,209.1,61704.44,5970.48,35113.35,15285.15,20876.803333333333,19833.231666666667,6.693194838053772,10.950271293918068,8.694582605,8.112220323341871,1,10,11,26,4.333333333333333,0,2.302585092994046,2.3978952727983707,0.9985774245179971,22,-61495.34,55733.96000000001,-29142.87,12902398.404000001,99.84124023593178,0.33833551253902205,3.496670842768644,-6139771.014,18856.777922429355,-101903.0238,-9,-1,-15,4.333333333333333,0.4333333333333333,0.3939393939393939,-39,-0.433333333,7.32606,1519.3833,-802.5133,-111.9468383
01/11/2024,LARRY D. SHAW,1108.43,2,7.010699878663685,0.6931471805599453,11,716.87,209.1,61704.44,5970.48,35113.35,678.1333333333309,17470.444999999996,6.693194838053772,6.693194838053772,10.950271293918068,6.799029851590409,2,1,10,11,1.6666666666666667,0.6931471805599453,0,2.302585092994046,0.46209812037329684,22,507.77,-61495.34,55733.96000000001,149897.517,0.9459641683057332,3.2431053722301817,0.010990024920951084,480.3322257406021,-199435.8675,612.5176093432909,1,-9,-1,0.8333333333333334,1.6666666666666667,0.16666666666666669,0.8333333333333334,-15,8.225069,3733.379,-2624.949,-236.8168491
01/12/2024,LARRY D. SHAW,36916.15,7,10.516404403656008,1.9459101490553132,12,1108.43,716.87,209.1,61704.44,5970.48,12913.816666666666,17770.911666666667,7.010699878663685,6.693194838053772,6.693194838053772,8.073433040124488,2,2,1,10,3.6666666666666665,0.6931471805599453,0.6931471805599453,0,1.110734836725068,22,391.56000000000006,507.77,-61495.34,794600.2141000001,11.650547771773287,18.014168073244335,61.759046708114134,4561.888485515548,9147.054122551275,-3797893.575,0,1,-9,1.8333333333333333,1.8333333333333333,3.6666666666666665,0,1.8333333333333333,9.850335,18964.709,17951.441,48.62760878
01/09/2024,LOW COST PET VAX,9399.9,8,9.148454329903636,2.0794415416798357,9,534002.86,35435.58,1488,756609.01,62223.93,192946.1133333333,233193.2133333333,10.950271293918068,10.475471679108145,7.305188215393037,10.191399100976616,32,22,2,30,20.666666666666668,3.4657359027997265,3.091042453358316,0.6931471805599453,2.8787399659459596,23,498567.27999999997,33947.58,-755121.01,18922701066,0.3613203744514277,5.444982510045929,129.6680869175627,180142.51629882978,184843.97935838497,-97915096.76,10,20,-28,0.6458333333333334,0.9393939393939394,10.333333333333334,6.458333333333334,18.78787878787879,9.556781,14140.253,-4740.353,-50.42982372
01/10/2024,LOW COST PET VAX,35306.87,17,10.471832841549586,2.833213344056216,10,9399.9,534002.86,35435.58,1488,756609.01,192903.21,228707.03666666665,9.148454329903636,10.950271293918068,10.475471679108145,10.190186155123763,8,32,22,2,19,2.0794415416798357,3.4657359027997265,3.091042453358316,2.792796929511926,23,-524602.96,498567.27999999997,33947.58,5019573484,20.52183640251492,0.36124003156087964,5.443771768375175,-10765816.12,180102.4599624219,184802.87760865773,-24,10,20,2.375,0.59375,0.8636363636363636,-57,5.9375,10.729134,45667.11,-10360.24,-29.34341107
01/11/2024,LOW COST PET VAX,91341.11,16,10.950271293918068,2.772588722239781,11,35306.87,9399.9,534002.86,35435.58,1488,45349.293333333335,117829.05333333333,10.471832841549586,9.148454329903636,10.950271293918068,10.190186155123763,17,8,32,22,13.666666666666666,2.833213344056216,2.0794415416798357,3.4657359027997265,2.5617478693252775,23,25906.97,-524602.96,498567.27999999997,331881047.3,1.2844325575541908,4.824444231676224,0.084923315,33275.755735579696,-2530917.724,42339.986394683605,9,-24,10,0.8039215686274509,1.7083333333333333,0.4270833333333333,7.235294117647058,-41,10.939809,56376.57,34964.54,38.27908376
01/12/2024,LOW COST PET VAX,133228.72,31,10.950271293918068,3.4339872044851463,12,91341.11,35306.87,9399.9,534002.86,35435.58,86625.56666666667,139785.84,10.950271293918068,10.471832841549586,9.148454329903636,10.79079180979524,16,17,8,32,21.333333333333332,2.772588722239781,2.833213344056216,2.0794415416798357,3.013263090260381,23,56034.24,25906.97,-524602.96,3224968696,0.9483743592197058,2.4535045634650325,9.215583854,53141.436454363204,63562.869120551695,-4834522.568,-1,9,-24,1.3333333333333333,1.2549019607843137,2.6666666666666665,-1.333333333,11.294117647058822,10.962317,57659.914,75568.806,56.72110788
01/09/2024,Laura Konopski Brentwood Animal Hospital,25752.25,16,10.156277280915369,2.772588722239781,9,19504.75,6610,20535.5,7610.5,4585.5,17289,14099.75,9.878413304632263,8.796338932845732,9.929910374767232,9.610343172797789,14,6,10,5,12,2.6390573296152584,1.791759469228055,2.302585092994046,2.401135173694365,24,12894.75,-13925.5,12925,128926397.5,0.8863994667965496,2.6155824508320724,0.841907916,11429.899524474808,-36423.29342,10881.65980862409,8,-4,5,0.8571428571428571,2,1.2,6.857142857142857,-8,9.997729,21976.508,3775.742,14.6617946
01/10/2024,Laura Konopski Brentwood Animal Hospital,10742,7,9.281916570465405,1.9459101490553132,10,25752.25,19504.75,6610,20535.5,7610.5,18666.333333333332,15125.833333333334,10.156277280915369,9.878413304632263,8.796338932845732,9.772202385337678,16,14,6,10,12.333333333333334,2.772588722239781,2.6390573296152584,1.791759469228055,2.452518733636784,24,6247.5,12894.75,-13925.5,502291198.2,0.7248428130875295,0.9570147442716944,2.8239536056480077,4528.455474764341,12340.465873697432,-39324.96594,2,8,-4,0.7708333333333334,0.880952381,2.055555555555556,1.5416666666666667,7.047619047619048,9.090327,8869.089,1872.911,17.43540309
01/11/2024,Laura Konopski Brentwood Animal Hospital,8957,6,9.100190628475195,1.791759469228055,11,10742,25752.25,19504.75,6610,20535.5,15150.416666666666,15350.25,9.281916570465405,10.156277280915369,9.878413304632263,9.512794826618657,7,16,14,6,9.666666666666666,1.9459101490553132,2.772588722239781,2.6390573296152584,2.170086113507717,24,-15010.25,6247.5,12894.75,276630669.5,1.4103906783342641,0.5883142896898976,0.7767552348359588,-21170.31668,3675.4935248376355,10016.06456440098,-9,2,8,1.380952380952381,0.6041666666666666,0.6904761904761905,-12.42857143,1.2083333333333333,9.360613,11621.508,-2664.508,-29.74777269
01/12/2024,Laura Konopski Brentwood Animal Hospital,15213.5,11,9.629938471,2.3978952727983707,12,8957,10742,25752.25,19504.75,6610,11637.5,14463.25,9.100190628475195,9.281916570465405,10.156277280915369,9.337348556496954,6,7,16,14,8,1.791759469228055,1.9459101490553132,2.772588722239781,2.0451882970272464,24,-1785,-15010.25,6247.5,96216094,1.2992631461426818,1.0833643641779929,0.45190226096748826,-2319.184716,-16261.56995,2823.259375394383,-1,-9,2,1.3333333333333333,1.1428571428571428,0.5,-1.333333333,-10.28571429,9.722987,16697.047,-1483.547,-9.751516745
01/09/2024,MOBILE VET CLINIC,36397.25,12,10.50224850132028,2.4849066497880004,9,22100.5,51364,34982,27795.75,26498,36620.583333333336,33189.583333333336,10.003355511684305,10.846692816951165,10.462588922467008,10.450765609985249,11,19,11,7,14,2.3978952727983707,2.9444389791664403,2.3978952727983707,2.609080300584271,25,-29263.5,16382,7186.25,1135170082,1.6570024810901716,0.7129620616255224,1.0468407561984259,-48489.69211,11679.74449354931,7522.859384230938,-8,8,4,1.2727272727272727,0.7368421052631579,1.2727272727272727,-10.18181818,5.894736842105263,10.511116,36721.44,-324.19,-0.89069916
01/10/2024,MOBILE VET CLINIC,19471.5,7,9.876707137001159,1.9459101490553132,10,36397.25,22100.5,51364,34982,27795.75,25989.75,32018.5,10.50224850132028,10.003355511684305,10.846692816951165,10.127437050001914,12,11,19,11,10,2.4849066497880004,2.3978952727983707,2.9444389791664403,2.276237357213895,25,14296.75,-29263.5,16382,804397423.6,0.7140580675737864,1.1759801814438586,0.5059915505022974,10208.709677585532,-34413.29604,8289.153580328635,1,-8,8,0.8333333333333334,0.9090909090909091,0.5263157894736842,0.8333333333333334,-7.272727273,9.763115,17380.688,2090.812,10.73780654
01/11/2024,MOBILE VET CLINIC,35383.5,17,10.47400088876779,2.833213344056216,11,19471.5,36397.25,22100.5,51364,34982,30417.416666666668,33283.125,9.876707137001159,10.50224850132028,10.003355511684305,10.284318842363076,7,12,11,19,12,1.9459101490553132,2.4849066497880004,2.3978952727983707,2.421343381,25,-16925.75,14296.75,-29263.5,708709053.4,1.5621506646466203,0.835706452,1.376322556804899,-26440.57161,11947.886220227261,-40276.01514,-5,1,-8,1.7142857142857142,1,1.0909090909090908,-8.571428571,1,10.589702,39723.637,-4340.137,-12.26599121
01/12/2024,MOBILE VET CLINIC,20995.25,11,9.952051500644446,2.3978952727983707,12,35383.5,19471.5,36397.25,22100.5,51364,25283.416666666668,30952,10.47400088876779,9.876707137001159,10.50224850132028,10.100919842137797,17,7,12,11,11.666666666666666,2.833213344056216,1.9459101490553132,2.4849066497880004,2.392339588636634,25,15912,-16925.75,14296.75,688969820.3,0.7145538645602235,1.2984832533018345,0.6946518395391593,11369.981092882277,-21977.80292,9931.263686931476,10,-5,1,0.6862745098039216,1.6666666666666665,0.9722222222222222,6.862745098039216,-8.333333333,9.965588,21281.375,-286.125,-1.362808254
01/09/2024,MORTON SMALL ANIMAL CLINIC,27425,33,10.219210285143431,3.4965075614664802,9,79112,56463.5,62108.75,50091.5,40126.5,54333.5,52554.541666666664,10.950271293918068,10.94134969067607,10.950271293918068,10.703610423245856,55,82,72,56,56.666666666666664,4.007333185232471,4.406719247264253,4.276666119016055,3.9701866646544013,26,22648.5,-5645.25,12017.25,4466940412,0.6867921427849125,0.9622765149167161,0.8748123251554732,15554.811845864091,-5432.291496,10512.83841447461,-27,10,16,1.0303030303030303,0.6910569105691057,0.787037037,-27.81818182,6.9105691056910565,10.518568,36996.11,-9571.11,-34.89921604
01/10/2024,MORTON SMALL ANIMAL CLINIC,34015,47,10.43455688277916,3.8501476017100584,10,27425,79112,56463.5,62108.75,50091.5,46850.666666666664,51535.958333333336,10.219210285143431,10.950271293918068,10.94134969067607,10.53467948728022,33,55,82,72,45,3.4965075614664802,4.007333185232471,4.406719247264253,3.7846627828030033,26,-51687,22648.5,-5645.25,2169646600,1.7083196596779093,0.5922068291367513,0.8297513733060591,-88297.91825,13412.596369703711,-4684.15394,-22,-27,10,1.3636363636363635,0.8181818181818182,0.5487804878048781,-30,-22.09090909,10.535247,37618.336,-3603.336,-10.59337351
01/11/2024,MORTON SMALL ANIMAL CLINIC,47476.25,69,10.76798486498105,4.234106505,11,34015,27425,79112,56463.5,62108.75,36305.416666666664,51100.083333333336,10.43455688277916,10.219210285143431,10.950271293918068,10.473917344301213,47,33,55,82,49.666666666666664,3.8501476017100584,3.4965075614664802,4.007333185232471,3.860253889257932,26,6590,-51687,22648.5,932861375,1.067335489244941,1.323807353388028,0.45891162739744495,7033.740874124161,-68423.63067,10393.659993111032,14,-22,-27,1.0567375886524821,1.505050505050505,0.903030303,14.79432624113475,-33.11111111,10.706869,44661.59,2814.66,5.928564282
01/12/2024,MORTON SMALL ANIMAL CLINIC,47185.75,55,10.76184721921096,4.007333185232471,12,47476.25,34015,27425,79112,56463.5,42892.333333333336,48612.916666666664,10.76798486498105,10.43455688277916,10.219210285143431,10.654796322323724,69,47,33,55,57,4.234106505,3.8501476017100584,3.4965075614664802,4.0305290971799295,26,13461.25,6590,-51687,1614904644,0.903448215,1.2609828997011123,1.5639866302035856,12161.542288688204,8309.877309,-80837.77696,22,14,-22,0.8260869565217391,1.2127659574468086,1.7272727272727273,18.17391304347826,16.97872340425532,10.708041,44713.97,2471.78,5.238403543
01/09/2024,OXFORD VETERINARY HOSPITAL,1986.08,2,7.593918125767638,0.6931471805599453,9,3747.68,4433.25,5529.5,5401,5286.25,3389.0033333333336,4397.293333333333,8.228892261,8.396888228372589,8.617852674515415,8.073232872,5,6,8,6,4.333333333333333,1.6094379124341003,1.791759469228055,2.0794415416798357,1.3647815207407004,27,-685.57,-1096.25,128.5,16614402.36,0.9042936785780359,0.7644512114889378,0.6128950779154234,-619.9566172,-838.0296406,78.75701751213191,-1,-2,2,0.8666666666666666,0.7222222222222222,0.5416666666666666,-0.866666667,-1.444444444,7.624511,2047.7783,-61.6983,-3.106536494
01/10/2024,OXFORD VETERINARY HOSPITAL,5090.4,7,8.535111691918582,1.9459101490553132,10,1986.08,3747.68,4433.25,5529.5,5401,3608.0533333333333,4364.651666666667,7.593918125767638,8.228892261,8.396888228372589,8.119307359510273,2,5,6,8,4.666666666666667,0.6931471805599453,1.6094379124341003,1.791759469228055,1.4161650806831199,27,-1761.6,-685.57,-1096.25,7443192.294399999,1.8166706947017912,0.9627431726650444,0.8138619146976447,-3200.247096,-660.0278369,-892.196124,-3,-1,-2,2.3333333333333335,0.9333333333333333,0.7777777777777778,-7,-0.933333333,8.503465,4931.8267,158.5733,3.115144193
01/11/2024,OXFORD VETERINARY HOSPITAL,2519.43,3,7.831787964444355,1.0986122886681098,11,5090.4,1986.08,3747.68,4433.25,5529.5,3198.6366666666668,3884.39,8.535111691918582,7.593918125767638,8.228892261,7.986939260710191,7,2,5,6,4,1.9459101490553132,0.6931471805599453,1.6094379124341003,1.245889872761123,27,3104.3199999999997,-1761.6,-685.57,10109941.63,0.6283664675991409,1.6105276054673865,0.8534978084219216,1950.650592697365,-2837.10543,-585.1324925,5,-3,-1,0.5714285714285714,2,0.8,2.8571428571428568,-6,8.153023,3473.864,-954.434,-37.88293384
01/12/2024,OXFORD VETERINARY HOSPITAL,3313.74,4,8.105832739869523,1.3862943611198906,12,2519.43,5090.4,1986.08,3747.68,4433.25,3641.19,3515.0966666666664,7.831787964444355,8.535111691918582,7.593918125767638,8.157577465410819,3,7,2,5,4.666666666666667,1.0986122886681098,1.9459101490553132,0.6931471805599453,1.4769389329477713,27,-2570.97,3104.3199999999997,-1761.6,12824906.47,1.4452435669972972,0.7153052805280529,1.8333551518569242,-3715.677853,2220.536488448845,-3229.638436,-4,5,-3,1.5555555555555556,0.6666666666666667,2.3333333333333335,-6.222222222,3.333333333333334,8.171413,3538.3413,-224.6013,-6.777879375
01/09/2024,PAMLICO ANIMAL HOSPITAL,26929.5,19,10.200977618978992,2.9444389791664403,9,19509,22493.5,49035.5,21252.25,23438.5,22977.333333333332,27109.708333333332,9.878631176537262,10.020981657567189,10.800299804572639,10.033530151027813,14,21,22,13,18,2.6390573296152584,3.044522437723423,3.091042453358316,2.8760062488350413,28,-2984.5,-26542,27783.25,438825691.5,1.1777811950040151,1.0215099176799223,0.46858568452107824,-3515.087976,-27112.91624,13018.833219470247,-7,-1,9,1.2857142857142858,0.8571428571428571,0.8181818181818182,-9,-0.857142857,10.124792,24954.066,1975.434,7.335576227
01/10/2024,PAMLICO ANIMAL HOSPITAL,36124.25,22,10.494719663953541,3.091042453358316,10,26929.5,19509,22493.5,49035.5,21252.25,27520.916666666668,29224,10.200977618978992,9.878631176537262,10.020981657567189,10.191442819823264,19,14,21,22,18.333333333333332,2.9444389791664403,2.6390573296152584,3.044522437723423,2.8915129207133385,28,7420.5,-2984.5,-26542,525367615.5,1.0219616653360317,1.4106779776855127,1.2235053089411017,7583.466537626024,-4210.168424,-32474.27791,5,-7,-1,0.9649122807017543,1.3095238095238095,0.8730158730158729,4.824561403508771,-9.166666667,10.47513,35423.477,700.773,1.93989633
01/11/2024,PAMLICO ANIMAL HOSPITAL,14575.75,10,9.587114467870764,2.302585092994046,11,36124.25,26929.5,19509,22493.5,49035.5,25876.5,28111.25,10.494719663953541,10.200977618978992,9.878631176537262,10.09427058,22,19,14,21,17,3.091042453358316,2.9444389791664403,2.6390573296152584,2.7793555085062676,28,9194.75,7420.5,-2984.5,972807990.4,0.7163193699523174,0.9608979000724113,1.3263878210056896,6586.377526869071,7130.342867487328,-3958.604452,3,5,-7,0.7727272727272727,0.8947368421052632,1.2142857142857142,2.3181818181818183,4.473684210526316,9.574278,14389.844,185.906,1.275447233
01/12/2024,PAMLICO ANIMAL HOSPITAL,39946.25,16,10.59529007945444,2.772588722239781,12,14575.75,36124.25,26929.5,19509,22493.5,30215.416666666668,26596.375,9.587114467870764,10.494719663953541,10.200977618978992,10.225708070426249,10,22,19,14,16,2.302585092994046,3.091042453358316,2.9444389791664403,2.7220720895307147,28,-21548.5,9194.75,7420.5,526538036.9,2.0729922416799593,0.8364302834430243,1.1220192230329813,-44669.87332,7690.7673486877475,8325.943644516237,-12,3,5,1.6,0.7272727272727273,0.8421052631578947,-19.2,2.1818181818181817,10.630299,41369.477,-1423.227,-3.562855087
01/09/2024,PET MED MOBILE,7068.85,10,8.863453086537133,2.302585092994046,9,7882.45,12804.75,8468.4,4015.5,8267.5,9252.016666666666,8084.575,8.972394048233859,9.457571474819453,9.044096867794785,9.097806203196816,11,13,5,5,11.333333333333334,2.3978952727983707,2.5649493574615367,1.6094379124341003,2.4218099077513178,29,-4922.3,4336.35,4452.9,100932801.6,1.1737488555800122,0.7225456699011434,1.0925342055957048,-5777.543992,3133.210915675824,4864.945564097114,-2,8,0,1.0303030303030303,0.8717948717948718,2.2666666666666666,-2.060606061,6.9743589743589745,8.834694,6868.4517,200.3983,2.834949108
01/10/2024,PET MED MOBILE,4781.7,5,8.472551410793116,1.6094379124341003,10,7068.85,7882.45,12804.75,8468.4,4015.5,6577.666666666667,7503.608333333333,8.863453086537133,8.972394048233859,9.457571474819453,8.769466181854703,10,11,13,5,8.666666666666666,2.302585092994046,2.3978952727983707,2.5649493574615367,2.1033060927421725,29,-813.6,-4922.3,4336.35,55719856.682500005,0.9305143929587792,0.8344698243143525,0.5136895813402579,-757.0665101,-4107.510816,2227.5378160448277,-1,-2,8,0.8666666666666666,0.7878787878787878,0.6666666666666666,-0.866666667,-1.575757576,8.622174,5553.448,-771.748,-16.13961562
01/11/2024,PET MED MOBILE,7511.7,11,8.924217083988395,2.3978952727983707,11,4781.7,7068.85,7882.45,12804.75,8468.4,6454.083333333333,8086.308333333333,8.472551410793116,8.863453086537133,8.972394048233859,8.753407193772881,5,10,11,13,8.666666666666666,1.6094379124341003,2.302585092994046,2.3978952727983707,2.1033060927421725,29,-2287.15,-813.6,-4922.3,33801120.05,1.3497466033697918,0.9130315869389409,0.8187915347808528,-3087.072944,-742.8424991,-4030.337572,-5,-1,-2,1.7333333333333332,0.8666666666666666,0.7878787878787878,-8.666666667,-0.866666667,8.892029,7273.761,237.939,3.167578577
01/12/2024,PET MED MOBILE,14219.1,10,9.562341410215023,2.302585092994046,12,7511.7,4781.7,7068.85,7882.45,12804.75,8837.5,9044.758333333333,8.924217083988395,8.472551410793116,8.863453086537133,8.986369968332179,11,5,10,11,8.666666666666666,2.3978952727983707,1.6094379124341003,2.302585092994046,2.1033060927421725,29,2730,-2287.15,-813.6,35918695.89,1.1764979964588576,1.848192066,1.2502033569816873,3211.839530332681,-4227.092483,-1017.165451,6,-5,-1,0.7878787878787878,1.7333333333333332,0.8666666666666666,4.727272727272727,-8.666666667,9.437565,12551.115,1667.985,11.73059476
01/09/2024,PETVET/PETFOOD,13325,15,9.497397249034046,2.708050201,9,16693.75,20265,14612.75,14790.75,6649,16761.25,14389.375,9.722789676858271,9.916650539,9.589649714273836,9.712279154984907,13,17,11,15,15,2.5649493574615367,2.833213344056216,2.3978952727983707,2.702070967539987,30,-3571.25,5652.25,-178,338298843.8,1.0040434294271807,0.8271033802121885,1.1470291355152178,-3585.690097,4674.995080804342,-204.1711861,-4,6,-4,1.1538461538461537,0.8823529411764706,1.3636363636363635,-4.615384615,5.294117647058823,9.48579,13171.23,153.77,1.153996248
01/10/2024,PETVET/PETFOOD,25764.25,19,10.156743151081898,2.9444389791664403,10,13325,16693.75,20265,14612.75,14790.75,18594.333333333332,17575.25,9.497397249034046,9.722789676858271,9.916650539,9.792310026,15,13,17,11,15.666666666666666,2.708050201,2.5649493574615367,2.833213344056216,2.7391461792433955,30,-3368.75,-3571.25,5652.25,222444218.8,1.3954471544715445,1.1138499937601396,0.91755901,-4700.912602,-3977.83679,5186.272913068508,2,-4,6,1.0444444444444445,1.205128205128205,0.9215686274509803,2.088888888888889,-4.820512821,9.994366,21902.71,3861.54,14.98797753
01/11/2024,PETVET/PETFOOD,7363.25,9,8.90425669,2.1972245773362196,11,25764.25,13325,16693.75,20265,14612.75,15484.166666666666,16337.333333333334,10.156743151081898,9.497397249034046,9.722789676858271,9.519465697,19,15,13,17,14.333333333333334,2.9444389791664403,2.708050201,2.5649493574615367,2.616571252534957,30,12439.25,-3368.75,-3571.25,343308631.3,0.6009942717784009,1.1620387742338962,0.9275427430425558,7475.917995219474,-3914.618121,-3312.487021,4,2,-4,0.7543859649122807,0.9555555555555556,1.1025641025641026,3.017543859649123,1.9111111111111112,9.01701,8242.094,-878.844,-11.93554477
01/12/2024,PETVET/PETFOOD,13462.25,15,9.507644751190082,2.708050201,12,7363.25,25764.25,13325,16693.75,20265,15529.916666666666,16145.583333333334,8.90425669,10.156743151081898,9.497397249034046,9.522881530871944,9,19,15,13,14.333333333333334,2.1972245773362196,2.9444389791664403,2.708050201,2.6165712525349565,30,-18401,12439.25,-3368.75,189708613.8,2.109111692074378,0.6027699881295464,1.1654721701063164,-38809.76425,7498.006575,-3926.184373,-10,4,2,1.5925925925925926,0.7543859649122807,0.9555555555555556,-15.92592593,3.017543859649123,9.551684,14068.371,-606.121,-4.50237516
01/09/2024,SHOT VET,536625.55,137,10.950271293918068,4.919980925828125,9,90862.75,270237.25,367166.8,138786.5,206589.7,299241.85000000003,268378.0916666667,10.950271293918068,10.950271293918068,10.950271293918068,10.950271293918068,99,17,145,129,84.33333333333333,4.59511985,2.833213344056216,4.976733742420574,4.116104706672977,31,-179374.5,-96929.55,228380.3,24554499687,3.293339129621325,1.1073301330590066,0.8150024729904775,-590741.0597,-107333.0115,186130.50928230712,82,-128,16,0.8518518518518517,4.960784314,0.5816091954022988,69.85185185185185,-634.9803922,10.976984,58511.816,478113.734,89.09634176
01/10/2024,SHOT VET,50193.15,85,10.823633842185835,4.442651256490317,10,536625.55,90862.75,270237.25,367166.8,138786.5,225893.81666666668,242312,10.950271293918068,10.950271293918068,10.950271293918068,10.908058810007324,137,99,17,145,107,4.919980925828125,4.59511985,2.833213344056216,4.6525840108176775,31,445762.80000000005,-179374.5,-96929.55,48759273193.262505,0.4209524065089086,2.4860992724374587,0.8359092488791485,187644.92339214933,-445942.8139,-81024.30733,38,82,-128,0.781021898,1.0808080808080809,6.294117647058823,29.67883211678832,88.62626262626263,10.1231365,24912.79,25280.36,50.36615554
01/11/2024,SHOT VET,38724.8,64,10.564235500649396,4.1588830833596715,11,50193.15,536625.55,90862.75,270237.25,367166.8,208514.5,225635.05000000002,10.823633842185835,10.950271293918068,10.950271293918068,10.779380212251098,85,137,99,17,95.33333333333333,4.442651256490317,4.919980925828125,4.59511985,4.507171755226037,31,-486432.4,445762.80000000005,-179374.5,26934926724.982502,4.154242162526161,0.388566105,2.294829289230185,-2020757.985,173208.3151102291,-411633.8563,-52,38,82,1.1215686274509804,0.6958637469586374,0.9629629629629629,-58.32156863,26.442822384428222,10.645066,41984.94,-3260.14,-8.418739412
01/12/2024,SHOT VET,47408.45,82,10.766555761837147,4.406719247264253,12,38724.8,50193.15,536625.55,90862.75,270237.25,45442.13333333333,172341.99166666667,10.564235500649396,10.823633842185835,10.950271293918068,10.718141701557458,64,85,137,99,77,4.1588830833596715,4.442651256490317,4.919980925828125,4.3360845290380805,31,-11468.35,-486432.4,445762.80000000005,1943719695.1200001,1.173463344764423,0.9053453177043747,0.08468127,-13457.68835,-440389.2957,37747.76022617633,-21,-52,38,1.203125,0.9058823529411765,0.5620437956204379,-25.265625,-47.10588235,10.736053,45984.215,1424.235,3.004179635
01/09/2024,TAG Veterinary Holdings Inc,32718.5,78,10.395695946145054,4.356708826689592,9,33773.5,36094.5,32268.25,28472.25,38122.5,34195.5,33574.916666666664,10.427431750295176,10.493895778143198,10.381839053640588,10.439007824861143,74,96,69,63,82.66666666666667,4.304065093,4.564348191467836,4.234106505,4.408374037120533,32,-2321,3826.25,3796,1219037596,1.012495003479059,0.9473881062211694,1.0597258915497432,-2350.000903,3624.9437414287495,4022.719484322825,-22,27,6,1.1171171171171173,0.8611111111111112,1.1980676328502415,-24.57657658,23.25,10.418629,33477.496,-758.996,-2.319776273
01/10/2024,TAG Veterinary Holdings Inc,40689.5,92,10.61372535288878,4.5217885770490405,10,32718.5,33773.5,36094.5,32268.25,28472.25,35727.166666666664,34002.75,10.395695946145054,10.427431750295176,10.493895778143198,10.478951016443004,78,74,96,69,81.33333333333333,4.356708826689592,4.304065093,4.564348191467836,4.394187498980934,32,-1055,-2321,3826.25,1105018260,1.0919561308332186,1.0578461416988665,0.9898230108927029,-1152.013718,-2455.260895,3787.3102954282044,4,-22,27,1.0427350427350426,1.099099099099099,0.8472222222222222,4.170940171,-24.18018018,10.560819,38592.71,2096.79,5.153147618
01/11/2024,TAG Veterinary Holdings Inc,33911.25,80,10.431502096722799,4.382026634673881,11,40689.5,32718.5,33773.5,36094.5,32268.25,35773.083333333336,34909.25,10.61372535288878,10.395695946145054,10.427431750295176,10.480307798585544,92,78,74,96,83.33333333333333,4.5217885770490405,4.356708826689592,4.304065093,4.420174679470837,32,7971,-1055,-2321,1331299406,0.8791723499510521,1.093359516277743,1.0592056888783614,7007.882801459837,-1153.49429,-2458.416404,14,4,-22,0.9057971014492753,1.0683760683760684,1.1261261261261262,12.681159420289854,4.273504273504273,10.41917,33495.633,415.617,1.225602123
01/12/2024,TAG Veterinary Holdings Inc,29775.25,75,10.301432790493877,4.317488114,12,33911.25,40689.5,32718.5,33773.5,36094.5,34792,34493.75,10.431502096722799,10.61372535288878,10.395695946145054,10.448886746701818,80,92,78,74,82.33333333333333,4.382026634673881,4.5217885770490405,4.356708826689592,4.407101108419744,32,-6778.25,7971,-1055,1379831807,1.025972206863504,0.8550608879440642,1.0633739321790425,-6954.296111,6815.690337802136,-1121.859498,-12,14,4,1.0291666666666666,0.894927536,1.0555555555555556,-12.35,12.528985507246377,10.399143,32831.484,-3056.234,-10.26434371
01/09/2024,URBAN ANIMAL CAPITOL HILL,28628.5,17,10.26215800412444,2.833213344056216,9,1933,57026,26048,14951.5,15891,29195.833333333332,24079.666666666668,7.566828479208331,10.950271293918068,10.167696268802267,9.593085926,6,38,20,17,20.333333333333332,1.791759469228055,3.6375861597263857,2.995732273553991,2.7541863243368856,33,-55093,30978,11096.5,110231258,15.103897223659251,0.5119740703071114,1.12084741,-832119.0097,15859.932749973697,12437.483284065316,-32,18,3,3.388888888888889,0.5350877192982456,1.0166666666666666,-108.4444444,9.631578947368421,10.331138,30672.986,-2044.486,-7.141435982
01/10/2024,URBAN ANIMAL CAPITOL HILL,16801.25,23,9.729208567385358,3.1354942159291497,10,28628.5,1933,57026,26048,14951.5,15787.583333333334,24231.375,10.26215800412444,7.566828479208331,10.950271293918068,9.186065016906044,17,6,38,20,15.333333333333334,2.833213344056216,1.791759469228055,3.6375861597263857,2.5868223430711406,33,26695.5,-55093,30978,55338890.5,0.5514638675911534,8.167399551646836,0.27684886426074656,14721.603677279636,-449966.5435,8576.224117069407,11,-32,18,0.9019607843137255,2.555555555555556,0.4035087719298246,9.921568627,-81.77777778,9.289637,10825.25,5976,35.56878208
01/11/2024,URBAN ANIMAL CAPITOL HILL,33288,26,10.412952250662777,3.258096538021482,11,16801.25,28628.5,1933,57026,26048,26239.25,27287.458333333332,9.729208567385358,10.26215800412444,7.566828479208331,10.134772940724192,23,17,6,38,22,3.1354942159291497,2.833213344056216,1.791759469228055,3.075601366002283,33,-11827.25,26695.5,-55093,480994585.6,1.5617439178632542,0.9165429554464957,13.57436627004656,-18471.13575,24467.572467121925,-747852.5609,6,11,-32,0.9565217391304348,1.2941176470588236,3.6666666666666665,5.739130434782609,14.23529411764706,10.259932,28564.83,4723.17,14.18880678
01/12/2024,URBAN ANIMAL CAPITOL HILL,7828.75,9,8.965558133839622,2.1972245773362196,12,33288,16801.25,28628.5,1933,57026,19306,24250.916666666668,10.412952250662777,9.729208567385358,10.26215800412444,9.702572983962588,26,23,17,6,19.333333333333332,3.258096538021482,3.1354942159291497,2.833213344056216,2.8636051104289506,33,16486.75,-11827.25,26695.5,559280010,0.5799687575102139,1.1490811695558367,0.6743629599874251,9561.799912881519,-13590.47026,18002.456398344308,3,6,11,0.7435897435897435,0.8405797101449275,1.1372549019607843,2.2307692307692304,5.0434782608695645,8.983171,7967.862,-139.112,-1.77693757
01/09/2024,VACCINATION STATION INC,25139.25,15,10.132185648763667,2.708050201,9,23586.5,32333.5,21260,35821.25,24688.75,27019.75,27138.208333333332,10.068429793441585,10.383859123443301,9.964582651895938,10.194824855216185,16,21,15,15,17.333333333333332,2.772588722239781,3.044522437723423,2.708050201,2.8417204536884717,34,-8747,11073.5,-14561.25,762634097.8,1.1455599601466941,0.8356580636182288,1.2709195672624647,-10020.21297,9253.659567476458,-18506.17755,-5,6,0,1.0833333333333333,0.8253968253968254,1.1555555555555554,-5.416666667,4.9523809523809526,10.227341,27648.883,-2509.633,-9.982927096
01/10/2024,VACCINATION STATION INC,29888.5,18,10.305229070010695,2.8903717578961645,10,25139.25,23586.5,32333.5,21260,35821.25,26204.75,28004.833333333332,10.132185648763667,10.068429793441585,10.383859123443301,10.168614837405315,15,16,21,15,16.333333333333332,2.708050201,2.772588722239781,3.044522437723423,2.7903368937460518,34,1552.75,-8747,11073.5,592946920.1,1.042383921556928,1.111006295974392,0.8104520079793404,1618.5616341975199,-9717.972071,8974.540310359225,-1,-5,6,1.0888888888888888,1.0208333333333333,0.7777777777777777,-1.088888889,-5.104166667,10.378787,32169.918,-2281.418,-7.633096341
01/11/2024,VACCINATION STATION INC,4199,2,8.342601680684194,0.6931471805599453,11,29888.5,25139.25,23586.5,32333.5,21260,19742.25,22734.458333333332,10.305229070010695,10.132185648763667,10.068429793441585,9.593338799819518,18,15,16,21,11.666666666666666,2.8903717578961645,2.708050201,2.772588722239781,2.0971897131861064,34,4749.25,1552.75,-8747,751374473.6,0.6605299697207956,0.7853157910438856,0.8370148177983169,3137.0219586964886,1219.3990945433934,-7321.368611,3,-1,-5,0.6481481481481481,0.7777777777777778,0.7291666666666666,1.9444444444444444,-0.777777778,8.766463,6415.443,-2216.443,-52.78502024
01/12/2024,VACCINATION STATION INC,11876.25,11,9.382295886520959,2.3978952727983707,12,4199,29888.5,25139.25,23586.5,32333.5,15321.25,21170.5,8.342601680684194,10.305229070010695,10.132185648763667,9.343375545738615,2,18,15,16,10.333333333333334,0.6931471805599453,2.8903717578961645,2.708050201,1.9938047370848269,34,-25689.5,4749.25,1552.75,125501811.5,3.6487854251012144,0.512613547,0.6094553337907853,-93735.47318,2434.529888,946.3317695436419,-16,3,-1,5.166666666666667,0.5740740740740741,0.6888888888888889,-82.66666667,1.7222222222222223,9.568037,14300.318,-2424.068,-20.41105568
01/09/2024,VALLEY VIEW VETERINARY CLINIC,16707.25,17,9.723598035933456,2.833213344056216,9,14551,12815,19956.75,14887,17363.5,14691.083333333334,16046.75,9.585414998760278,9.458371638798171,9.901322710956617,9.589128224497301,13,12,13,12,14,2.5649493574615367,2.4849066497880004,2.5649493574615367,2.627689783768585,35,1736,-7141.75,5069.75,186471065,1.0096270588504799,1.1463974509038888,0.7361460825702248,1752.7125741644331,-8187.283995,3732.0766021103973,1,-1,1,1.0769230769230769,1.1666666666666667,1.0769230769230769,1.0769230769230769,-1.166666667,9.798659,18009.584,-1302.334,-7.795023119
01/10/2024,VALLEY VIEW VETERINARY CLINIC,13295,14,9.495143304,2.6390573296152584,10,16707.25,14551,12815,19956.75,14887,14851.083333333334,15368.666666666666,9.723598035933456,9.585414998760278,9.458371638798171,9.601385446123619,17,13,12,13,14.666666666666666,2.833213344056216,2.5649493574615367,2.4849066497880004,2.679073343711004,35,2156.25,1736,-7141.75,243107194.8,0.8889005272162285,1.0206228666987378,1.1588828196124334,1916.6917618099926,1771.8012965890089,-8276.451377,4,1,-1,0.8627450980392156,1.1282051282051282,1.222222222222222,3.4509803921568625,1.1282051282051282,9.581939,14500.505,-1205.505,-9.067356149
01/11/2024,VALLEY VIEW VETERINARY CLINIC,11724,9,9.369393301830783,2.1972245773362196,11,13295,16707.25,14551,12815,19956.75,13908.75,14841.5,9.495143304,9.723598035933456,9.585414998760278,9.529378213813786,14,17,13,12,13.333333333333334,2.6390573296152584,2.833213344056216,2.5649493574615367,2.556498417002565,35,-3412.25,2156.25,1736,222122888.8,1.0461639714178264,0.8324978676921696,0.9558621400591024,-3569.773011,1795.0735272112406,1659.3766751426017,-3,4,1,0.9523809523809524,0.7843137254901961,1.0256410256410258,-2.857142857,3.1372549019607843,9.436835,12541.962,-817.962,-6.976816786
01/12/2024,VALLEY VIEW VETERINARY CLINIC,7920.75,7,8.977241177294694,1.9459101490553132,12,11724,13295,16707.25,14551,12815,10979.916666666666,12835.5,9.369393301830783,9.495143304,9.723598035933456,9.280592594267532,9,14,17,13,10,2.1972245773362196,2.6390573296152584,2.833213344056216,2.2607306853355973,35,-1571,-3412.25,2156.25,155870580,0.9365333219606504,0.8258681208474363,0.6571947308304279,-1471.293849,-2818.068495,1417.076138,-5,-3,4,1.1111111111111112,0.7142857142857143,0.5882352941176471,-5.555555556,-2.142857143,9.24045,10305.674,-2384.924,-30.10982546
01/09/2024,VETS PETS PA,44393.05,105,10.700838204636446,4.653960350157523,9,60497.5,51099.8,45413.55,52161.3,53180.75,51996.78333333333,51124.325000000004,10.950271293918068,10.841535862289811,10.723565797649446,10.830881786948106,134,130,103,116,123,4.897839799950911,4.867534450455582,4.634728988229636,4.806444866854672,36,9397.699999999997,5686.25,-6747.75,3091410151,0.8594864801575822,1.0175535585918796,1.1449618744478978,8077.196094576908,5786.063922543075,-7725.916488,4,27,-13,0.917910448,0.9461538461538461,1.1941747572815533,3.671641791044776,25.546153846153846,10.874154,52794.066,-8401.016,-18.92416944
01/10/2024,VETS PETS PA,54610,121,10.9079723,4.795790545596741,10,44393.05,60497.5,51099.8,45413.55,52161.3,53166.85,51362.53333333333,10.700838204636446,10.950271293918068,10.841535862289811,10.853027264566904,105,134,130,103,120,4.653960350157523,4.897839799950911,4.867534450455582,4.782530231901725,36,-16104.45,9397.699999999997,5686.25,2685668542,1.1976390448504888,0.8788272242654654,1.040451234642797,-19287.31812,8258.954605479563,5916.265832987604,-29,4,27,1.1428571428571428,0.8955223880597015,0.9230769230769231,-33.14285714,3.582089552238806,10.834188,50725.727,3884.273,7.112750412
01/11/2024,VETS PETS PA,44739.05,93,10.708602001023419,4.532599493153256,11,54610,44393.05,60497.5,51099.8,45413.55,47914.03333333333,50125.49166666667,10.9079723,10.700838204636446,10.950271293918068,10.772470833602021,121,105,134,130,106.33333333333333,4.795790545596741,4.653960350157523,4.897839799950911,4.660783462969174,36,10216.949999999997,-16104.45,9397.699999999997,2424304461,0.877385705,1.0793138415435148,0.7920002203947821,8964.205875572237,-17381.7558,7442.980471204041,16,-29,4,0.8787878787878788,1.0126984126984127,0.7935323383084577,14.06060606060606,-29.36825397,10.740681,46197.49,-1458.44,-3.259881468
01/12/2024,VETS PETS PA,39155.15,99,10.575287238106062,4.59511985,12,44739.05,54610,44393.05,60497.5,51099.8,46168.06666666667,49082.42500000001,10.708602001023419,10.9079723,10.700838204636446,10.730620511425228,93,121,105,134,104.33333333333333,4.532599493153256,4.795790545596741,4.653960350157523,4.641169963,36,-9870.95,10216.949999999997,-16104.45,2443199521,1.0319411491005435,0.8454141488127939,1.039984111627083,-10186.23949,8637.554087712871,-16748.37213,-28,16,-29,1.1218637992831542,0.862258953,0.9936507936507936,-31.41218638,13.796143250688704,10.685911,43735.316,-4580.166,-11.69748041
01/09/2024,VILLAGE VET HOSPITAL,22191.6,20,10.00746911787883,2.995732273553991,9,23258.35,26276.35,25219.25,21857.95,18963.75,23908.766666666666,22961.208333333332,10.054419486325193,10.176424574063702,10.135362870773784,10.07943772608924,22,20,23,17,20.666666666666668,3.091042453358316,2.995732273553991,3.1354942159291497,3.0275023334887656,37,-3018,1057.0999999999985,3361.2999999999993,611144545.0224999,1.0279648670979098,0.9098967956609905,0.9480363875478718,-3102.397969,961.8519026932318,3186.634709464661,2,-3,6,0.9393939393939394,1.0333333333333334,0.8985507246376813,1.878787878787879,-3.1,10.04482,23036.146,-844.546,-3.805701256
01/10/2024,VILLAGE VET HOSPITAL,27827.5,23,10.23378001936738,3.1354942159291497,10,22191.6,23258.35,26276.35,25219.25,21857.95,24425.816666666666,24438.5,10.00746911787883,10.054419486325193,10.176424574063702,10.098556207857134,20,22,20,23,21.666666666666668,2.995732273553991,3.091042453358316,2.995732273553991,3.074089647613819,37,-1066.75,-3018,1057.0999999999985,516139999.85999995,1.1006784849522642,1.0501955928372677,0.9295741861661405,-1174.148774,-3169.490299,982.6528721962258,-2,2,-3,1.0833333333333335,0.9848484848484849,1.0833333333333335,-2.166666667,1.9696969696969697,10.145032,25464.277,2363.223,8.492401401
01/11/2024,VILLAGE VET HOSPITAL,16191.85,20,9.692263308,2.995732273553991,11,27827.5,22191.6,23258.35,26276.35,25219.25,22070.316666666666,23494.149999999998,10.23378001936738,10.00746911787883,10.054419486325193,9.977837481818833,23,20,22,20,21,3.1354942159291497,2.995732273553991,3.091042453358316,3.042319587679044,37,5635.9000000000015,-1066.75,-3018,617536749,0.79311173,0.9945347188425651,0.948920137,4469.898399125566,-1060.919911,-2863.840973,3,-2,2,0.9130434782608695,1.05,0.9545454545454546,2.7391304347826084,-2.1,9.822295,18440.326,-2248.476,-13.88646757
01/12/2024,VILLAGE VET HOSPITAL,26464.85,22,10.18357271641281,3.091042453358316,12,16191.85,27827.5,22191.6,23258.35,26276.35,23494.733333333334,23701.75,9.692263308,10.23378001936738,10.00746911787883,10.03653868133016,20,23,20,22,21.666666666666668,2.995732273553991,3.1354942159291497,2.995732273553991,3.074089647613819,37,-11635.65,5635.9000000000015,-1066.75,450578705.9,1.4510221706187578,0.844299105,1.0587219188041121,-16883.58612,4758.385323630702,-1129.391607,-3,3,-2,1.0833333333333335,0.9420289855072465,1.0833333333333335,-3.25,2.8260869565217392,10.083993,23956.451,2508.399,9.478228669
01/09/2024,WESTARBOR ANIMAL HOSPITAL A2 PLLC,5329.25,8,8.580965794313304,2.0794415416798357,9,11711.25,7285,7633.25,7766,8303.25,8108.5,8004.666666666667,9.368305197265398,8.893572718629306,8.940268983784062,8.947614570069335,19,15,14,14,14,2.9444389791664403,2.708050201,2.6390573296152584,2.577310240649495,38,4426.25,-348.25,-132.75,85316456.25,0.6923684491407834,1.1130404941660947,1.0622605050273475,3064.5958480093927,-387.6163521,-141.015082,4,1,0,0.7368421052631579,0.9333333333333333,1,2.9473684210526314,0.9333333333333333,8.522775,5027.986,301.264,5.6530281
01/10/2024,WESTARBOR ANIMAL HOSPITAL A2 PLLC,10130.25,15,9.223281276108983,2.708050201,10,5329.25,11711.25,7285,7633.25,7766,9056.916666666666,8309.166666666666,8.580965794313304,9.368305197265398,8.893572718629306,9.057517422562562,8,19,15,14,14,2.0794415416798357,2.9444389791664403,2.708050201,2.5773102406494957,38,-6382,4426.25,-348.25,62412179.06,1.6994730340416881,0.7733518340626889,1.2432280942576068,-10846.0369,3423.048555519977,-432.9541838,-11,4,1,1.75,0.7368421052631579,0.9333333333333333,-19.25,2.9473684210526314,9.069323,8684.739,1445.511,14.26925298
01/11/2024,WESTARBOR ANIMAL HOSPITAL A2 PLLC,5490.5,11,8.610774605037768,2.3978952727983707,11,10130.25,5329.25,11711.25,7285,7633.25,6983.333333333333,7929.916666666667,9.223281276108983,8.580965794313304,9.368305197265398,8.805007225153352,15,8,19,15,11.333333333333334,2.708050201,2.0794415416798357,2.9444389791664403,2.3951290051934726,38,4801,-6382,4426.25,53986634.81,0.689354491,1.3103782583540522,0.5962927384637279,3309.590911708332,-8362.834045,2639.3407336250757,7,-11,4,0.7555555555555556,1.4166666666666667,0.5964912280701755,5.288888889,-15.58333333,8.771774,6449.606,-959.106,-17.46846371
01/12/2024,WESTARBOR ANIMAL HOSPITAL A2 PLLC,6571.75,9,8.790535438263193,2.1972245773362196,12,5490.5,10130.25,5329.25,11711.25,7285,7397.5,7753,8.610774605037768,9.223281276108983,8.580965794313304,8.874863773136648,11,15,8,19,11.666666666666666,2.3978952727983707,2.708050201,2.0794415416798357,2.4343900170789334,38,-4639.75,4801,-6382,55620137.63,1.3473272015299154,0.7302386416919622,1.388094009476005,-6251.261383,3505.8757187631104,-8858.815968,-4,7,-11,1.0606060606060606,0.7777777777777778,1.4583333333333333,-4.242424242,5.444444444444445,8.739009,6241.7065,330.0435,5.022155438
01/09/2024,Wellness on Wheelz Amber Valinski DVM,18489.5,6,9.824958282371407,1.791759469228055,9,24386.5,39969.5,19743.5,39185.25,1780,27615.166666666668,23925.708333333332,10.101784979477635,10.59587194224509,9.890579602235345,10.174205068031377,8,13,6,11,9,2.0794415416798357,2.5649493574615367,1.791759469228055,2.1453834561231426,39,-15583,20226,-19441.75,974716211.8,1.1323956560665396,0.6909059824783064,1.3986966174521573,-17646.12151,13974.264401606224,-27193.10996,-5,7,-5,1.125,0.6923076923076923,1.5,-5.625,4.846153846153846,10.03355,22777.994,-4288.494,-23.19421293
01/10/2024,Wellness on Wheelz Amber Valinski DVM,18372,6,9.818583045445685,1.791759469228055,10,18489.5,24386.5,39969.5,19743.5,39185.25,20416,26691.041666666668,9.824958282371407,10.101784979477635,10.59587194224509,9.915108769098241,6,8,13,6,6.666666666666667,1.791759469228055,2.0794415416798357,2.5649493574615367,1.8876534933786484,39,-5897,-15583,20226,450894191.8,1.1041942724248899,0.8371845078219506,0.5107894769761944,-6511.433624,-13045.84619,10331.227961320506,-2,-5,7,1.1111111111111112,0.8333333333333334,0.5128205128205129,-2.222222222,-4.166666667,9.971537,21408.357,-3036.357,-16.52709014
01/11/2024,Wellness on Wheelz Amber Valinski DVM,24199.5,7,10.094087250774308,1.9459101490553132,11,18372,18489.5,24386.5,39969.5,19743.5,20353.666666666668,24193.416666666668,9.818583045445685,9.824958282371407,10.101784979477635,9.912542859530467,6,6,8,13,6.333333333333333,1.791759469228055,1.791759469228055,2.0794415416798357,1.8431430291704745,39,-117.5,-5897,-15583,339689094,1.1078634153421874,1.1008229896247421,0.8346284488002242,-130.1739513,-6491.55317,-13006.01512,0,-2,-5,1.0555555555555556,1.0555555555555556,0.7916666666666666,0,-2.111111111,10.069245,23605.742,593.758,2.453596149
01/12/2024,Wellness on Wheelz Amber Valinski DVM,25473.55,13,10.145395937923407,2.5649493574615367,12,24199.5,18372,18489.5,24386.5,39969.5,22681.683333333334,25148.425,10.094087250774308,9.818583045445685,9.824958282371407,10.019355411381135,7,6,6,8,8.666666666666666,1.9459101490553132,1.791759469228055,1.791759469228055,2.1008729919149682,39,5827.5,-117.5,-5897,444593214,0.9372790071420208,1.234578888163147,1.2267331909101562,5461.9934141201265,-145.0630194,-7234.045627,1,0,-2,1.238095238095238,1.4444444444444444,1.4444444444444444,1.238095238095238,0,10.074922,23740.115,1733.435,6.80484267
,,40625.05,,,,,,,,,,,,,,,,,,,,,,,,,,,,,,,,,,,,,,,,,,,,,41428.585,-803.535,-1.977929873
